Stock_Code,Average_Elasticity,Average_Price,Total_Quantity,Total_Revenue,Number_of_Months,Elasticity_Type,Pricing_Strategy,Priority
M,-0.2436697000783134,436.8434030861365,2623,207975.16,11,Inelastic,Test Moderate Price Increase,Medium
DOT,0.2165206930561234,172.39684933346575,681,97834.13,12,Positive / Unusual,Review Further,Review
85123A,0.2138451222341268,3.0204713214174443,17335,46817.52,4,Positive / Unusual,Review Further,Review
POST,-0.3176675696193346,26.362857679059623,2185,46552.59,12,Inelastic,Test Moderate Price Increase,Medium
85099B,-1.0778259564705688,2.232253739189296,22749,40752.62,7,Elastic,Protect Price / Targeted Discount,High
47566,-2.464348638754096,5.908978048907465,5946,29499.25,8,Elastic,Protect Price / Targeted Discount,High
85099F,4.091469757630323,2.227201333105823,13135,23980.6,8,Positive / Unusual,Review Further,Review
20725,2.568798211012508,2.0755029043917723,13470,22998.81,8,Positive / Unusual,Review Further,Review
21212,0.3902190109505554,0.6725639470236509,41557,22030.43,9,Positive / Unusual,Review Further,Review
21931,0.3887104832318576,2.3277396348750745,10727,20630.64,9,Positive / Unusual,Review Further,Review
21929,-0.9739923907951678,2.3364681812956807,10996,20088.46,9,Inelastic,Test Moderate Price Increase,Medium
22386,1.3309317504807134,2.2898844883386245,10774,20007.9,7,Positive / Unusual,Review Further,Review
21843,-0.1828413836211752,11.558096552129518,1791,18657.63,6,Inelastic,Test Moderate Price Increase,Medium
84879,-0.8893543400040288,2.2609682229833554,11268,18641.32,5,Inelastic,Test Moderate Price Increase,Medium
21137,1.9127291987808337,4.04728927772048,5393,18621.21,9,Positive / Unusual,Review Further,Review
20914,-0.9402934790412664,3.190787069757433,6593,18317.59,7,Inelastic,Test Moderate Price Increase,Medium
20685,-2.5766600381771814,8.148875188301625,2481,17614.0,6,Elastic,Protect Price / Targeted Discount,High
82494L,0.3377037820385445,3.161563628412766,6101,17257.36,8,Positive / Unusual,Review Further,Review
21754,-2.820667063488014,6.63038692016798,2782,16990.7,8,Elastic,Protect Price / Targeted Discount,High
21623,1.5453067828131049,10.297065034965032,2341,16974.22,5,Positive / Unusual,Review Further,Review
22469,-2.055436818495876,1.9260083330367133,9594,16549.12,7,Elastic,Protect Price / Targeted Discount,High
84991,0.0171218590737582,0.6512251644542912,31529,15693.19,11,Positive / Unusual,Review Further,Review
21755,1.6130637434081228,6.694258004502834,2545,15638.65,9,Positive / Unusual,Review Further,Review
22383,-1.3190898530880042,2.014617926536362,9347,15632.929999999998,8,Elastic,Protect Price / Targeted Discount,High
21621,1.5121850615599293,9.09745566674427,1754,15328.83,5,Positive / Unusual,Review Further,Review
37503,2.1598282210984485,11.558457026069922,1429,14708.55,5,Positive / Unusual,Review Further,Review
48194,-0.828853742896305,8.35010591688796,2147,14098.27,7,Inelastic,Test Moderate Price Increase,Medium
84406B,-0.0861772982979632,3.3939454482720817,4692,14086.78,11,Inelastic,Test Moderate Price Increase,Medium
21232,-3.8627237437911273,1.508068234841199,10865,13899.62,6,Elastic,Protect Price / Targeted Discount,High
22384,1.88027891098116,1.9078706576535065,8538,13892.64,9,Positive / Unusual,Review Further,Review
21928,-2.905887279920896,2.323260405412358,7398,13794.46,6,Elastic,Protect Price / Targeted Discount,High
22411,0.0031111168672506,2.1924532970236923,6613,13786.99,5,Positive / Unusual,Review Further,Review
84946,-3.5857795709020217,1.569495658029617,10219,13627.77,9,Elastic,Protect Price / Targeted Discount,High
21523,0.3932199117308781,8.690318325299739,1992,13548.69,8,Positive / Unusual,Review Further,Review
15056N,1.2662565270652824,6.799396539027884,2465,13517.47,5,Positive / Unusual,Review Further,Review
22326,-0.2802005991722682,3.335724333243361,4585,13411.79,8,Inelastic,Test Moderate Price Increase,Medium
21915,-0.5232031033912167,1.383982663797956,11724,13210.52,6,Inelastic,Test Moderate Price Increase,Medium
20711,0.4152812322103437,2.380488508957765,6659,13106.81,11,Positive / Unusual,Review Further,Review
21731,-4.183084376141796,2.085372169236606,7921,13080.99,6,Elastic,Protect Price / Targeted Discount,High
20724,0.2269132215562004,1.0726850128673993,13893,13051.79,12,Positive / Unusual,Review Further,Review
22379,-0.4044746485908632,2.7355287922286737,5918,12981.31,7,Inelastic,Test Moderate Price Increase,Medium
48138,-3.6149641885586816,7.864391269011959,1939,12821.05,5,Elastic,Protect Price / Targeted Discount,High
21977,-1.439738980040909,0.6966025928662165,24885,12551.67,10,Elastic,Protect Price / Targeted Discount,High
22090,0.0562747578802431,3.5766095241359945,4002,12507.93,6,Positive / Unusual,Review Further,Review
22470,-1.2992611675886132,3.2668385904143324,3892,12117.68,4,Elastic,Protect Price / Targeted Discount,High
82484,0.9937701639108394,7.143678029187871,2261,12032.33,4,Positive / Unusual,Review Further,Review
85099C,-0.5045271670202119,2.2581383655252187,6320,12009.09,5,Inelastic,Test Moderate Price Increase,Medium
22083,2.828830751597748,3.398578327228327,4148,11750.72,6,Positive / Unusual,Review Further,Review
82486,-3.2710158739384667,8.188911219709754,1530,11635.63,8,Elastic,Protect Price / Targeted Discount,High
22622,-0.928641552908951,11.325476753246752,1193,11607.84,5,Inelastic,Test Moderate Price Increase,Medium
84078A,-0.8798626641160012,51.82271447040354,286,11543.5,7,Inelastic,Test Moderate Price Increase,Medium
20727,1.9356737611502068,1.909762281082043,6944,11509.16,7,Positive / Unusual,Review Further,Review
21210,-1.0764170058121174,1.7720936126416809,8002,11494.4,11,Elastic,Protect Price / Targeted Discount,High
84755,0.8083025018447519,0.8607965863773198,18405,11314.66,8,Positive / Unusual,Review Further,Review
37449,2.2429003989266625,11.194460570151817,1226,11279.48,7,Positive / Unusual,Review Further,Review
22328,0.0533425171003211,3.1725003972178047,4152,11177.440000000002,6,Positive / Unusual,Review Further,Review
22355,0.3932659927029405,1.1113240370008877,9265,11116.64,8,Positive / Unusual,Review Further,Review
21733,-3.534384147697724,3.0742161962057266,3979,11108.240000000002,5,Elastic,Protect Price / Targeted Discount,High
84970S,-1.1162063423388011,1.078678631390908,13751,11057.05,10,Elastic,Protect Price / Targeted Discount,High
21231,0.7745930294424191,1.462129531242455,8953,11047.43,8,Positive / Unusual,Review Further,Review
21213,-0.4355259608665663,0.7043688829228201,20930,11046.02,10,Inelastic,Test Moderate Price Increase,Medium
48185,0.5825539371994733,8.61620216999635,1662,11039.3,6,Positive / Unusual,Review Further,Review
84836,-1.4266945472331902,1.4044323647658856,8895,10871.25,9,Elastic,Protect Price / Targeted Discount,High
15056BL,-5.56843500353923,6.18893897515528,2224,10663.71,5,Elastic,Protect Price / Targeted Discount,High
22139,-2.510777006719253,5.952932103763683,2074,10643.31,5,Elastic,Protect Price / Targeted Discount,High
21181,0.2633523144982095,2.691671663587957,5137,10589.64,6,Positive / Unusual,Review Further,Review
22189,1.7687730965293351,4.295844078823541,3355,10586.99,5,Positive / Unusual,Review Further,Review
22492,-0.4186833595815529,0.7644155348023006,16256,10389.93,7,Inelastic,Test Moderate Price Increase,Medium
71459,-1.2128633293225042,1.2671871876484455,12636,10317.16,7,Elastic,Protect Price / Targeted Discount,High
84997D,1.0292906868732452,3.9720343493089865,2800,10283.82,6,Positive / Unusual,Review Further,Review
72741,-2.2347429638285434,1.778110754533687,7380,10198.69,7,Elastic,Protect Price / Targeted Discount,High
22382,-0.5144857239956775,1.8247093893638475,6156,10182.76,7,Inelastic,Test Moderate Price Increase,Medium
35004C,-0.5139530754082974,7.655712081728593,1956,10137.64,10,Inelastic,Test Moderate Price Increase,Medium
21527,1.5272957401118723,8.572612844696282,1349,10134.68,7,Positive / Unusual,Review Further,Review
82482,-2.177422321522481,2.690013094556439,4246,10074.34,6,Elastic,Protect Price / Targeted Discount,High
84997B,2.2756236338052886,3.966655499151389,2743,10009.59,6,Positive / Unusual,Review Further,Review
71477,-0.6533874969292206,3.765853427953633,3437,9991.63,7,Inelastic,Test Moderate Price Increase,Medium
22077,0.8831122361665321,1.9052036049855323,5452,9940.7,7,Positive / Unusual,Review Further,Review
84997C,4.615613105011109,3.895863284492709,2697,9841.14,7,Positive / Unusual,Review Further,Review
22188,-1.7170199592451605,4.385659571909572,3431,9838.39,6,Elastic,Protect Price / Targeted Discount,High
22178,-5.540329800159229,1.523622659723691,7533,9563.99,8,Elastic,Protect Price / Targeted Discount,High
21535,-0.2485710527792864,2.8340652344669066,3775,9461.08,11,Inelastic,Test Moderate Price Increase,Medium
21533,-0.296495661829675,5.4453263409675605,1870,9296.93,12,Inelastic,Test Moderate Price Increase,Medium
21955,-4.687305974399069,8.434337925564686,1618,9285.56,6,Elastic,Protect Price / Targeted Discount,High
84978,3.419648153854252,1.5135686994084183,7003,9159.63,9,Positive / Unusual,Review Further,Review
20726,2.870719922472233,2.0427234118244297,5264,9131.58,6,Positive / Unusual,Review Further,Review
21218,0.0730494499406308,4.910395252241615,2377,9107.54,11,Positive / Unusual,Review Further,Review
48187,-2.4502161368468944,8.933410475211462,1388,9074.29,6,Elastic,Protect Price / Targeted Discount,High
22197,-2.8454933111620555,1.0118134943380843,11117,9031.42,6,Elastic,Protect Price / Targeted Discount,High
85014B,0.187336568215351,6.865353114549786,1770,9023.72,9,Positive / Unusual,Review Further,Review
22087,3.934992058073753,3.5718222244484514,2825,8931.490000000002,7,Positive / Unusual,Review Further,Review
22356,-1.5266229024440925,1.0833490883555086,9288,8729.43,11,Elastic,Protect Price / Targeted Discount,High
21930,2.735453979589563,2.187840593768372,4551,8678.69,9,Positive / Unusual,Review Further,Review
84050,-0.9298594455020852,2.176229926867052,5912,8650.49,11,Inelastic,Test Moderate Price Increase,Medium
21175,2.627299442502478,2.370898844866111,4180,8593.02,8,Positive / Unusual,Review Further,Review
22114,-1.8261447079418505,4.876679048712805,1802,8475.96,7,Elastic,Protect Price / Targeted Discount,High
21174,-0.4937834787463063,2.323295569747358,4678,8465.619999999999,11,Inelastic,Test Moderate Price Increase,Medium
84970L,-2.4377265820171226,1.2002764461412876,8921,8369.550000000001,10,Elastic,Protect Price / Targeted Discount,High
84029E,-3.488226964397801,3.988232119514473,2274,8323.02,5,Elastic,Protect Price / Targeted Discount,High
85152,-0.1112466372606488,2.338870655680926,4237,8203.45,7,Inelastic,Test Moderate Price Increase,Medium
20679,-3.4620115745696096,6.702023961423471,1433,8168.370000000001,9,Elastic,Protect Price / Targeted Discount,High
20728,-2.0580276521610728,1.8293453804483213,4995,8127.97,6,Elastic,Protect Price / Targeted Discount,High
84945,-1.126316939972152,2.321854233807783,9827,8044.07,9,Elastic,Protect Price / Targeted Discount,High
21136,0.4648252978809506,2.3565905799280413,4814,7997.94,10,Positive / Unusual,Review Further,Review
22130,-0.4200293584588039,1.712824545574439,6870,7838.339999999999,7,Inelastic,Test Moderate Price Increase,Medium
21975,-0.6862145257356075,0.6409828010154844,16207,7823.26,11,Inelastic,Test Moderate Price Increase,Medium
20971,-0.035031650069202,1.381509541396768,5269,7767.77,6,Inelastic,Test Moderate Price Increase,Medium
21217,-4.355704345252564,11.417105898272064,754,7750.34,7,Elastic,Protect Price / Targeted Discount,High
47566B,-1.1324659105253507,5.091315513897866,1838,7743.94,5,Elastic,Protect Price / Targeted Discount,High
48111,-0.8167866529813343,8.658975667893209,1131,7741.63,7,Inelastic,Test Moderate Price Increase,Medium
22607,-1.0187530707926151,10.343662760416668,866,7582.21,4,Elastic,Protect Price / Targeted Discount,High
20750,-3.463221675672171,8.3017073609423,1010,7506.49,7,Elastic,Protect Price / Targeted Discount,High
21524,-1.095119233998621,8.80517192547779,1087,7501.74,5,Elastic,Protect Price / Targeted Discount,High
22061,2.4514465483908525,11.248399142316371,768,7475.6,8,Positive / Unusual,Review Further,Review
21877,-1.650372246819537,1.4153755379048294,7199,7442.77,10,Elastic,Protect Price / Targeted Discount,High
22294,-0.9842575283451512,1.48739474255212,5961,7383.150000000001,7,Inelastic,Test Moderate Price Increase,Medium
22444,-1.7843392689564914,1.5936716201339889,5261,7358.889999999999,5,Elastic,Protect Price / Targeted Discount,High
20713,-0.2510711049657906,2.54609600634425,3774,7338.34,7,Inelastic,Test Moderate Price Increase,Medium
47590B,0.4273775355448105,5.723509123551141,1368,7174.47,7,Positive / Unusual,Review Further,Review
85150,-1.1287756176693131,2.9748699196185977,2797,7057.78,9,Elastic,Protect Price / Targeted Discount,High
37370,-0.5769540738300253,5.535966519745589,4551,7057.41,12,Inelastic,Test Moderate Price Increase,Medium
21844,-3.070110873941411,3.286615382901698,2468,7043.0,10,Elastic,Protect Price / Targeted Discount,High
21166,1.15008991093841,2.486809523809524,3976,7014.64,5,Positive / Unusual,Review Further,Review
21258,-2.2240204144276983,17.79226632749059,454,7013.24,8,Elastic,Protect Price / Targeted Discount,High
22499,1.286555459906635,6.5553471354976445,1142,6948.81,8,Positive / Unusual,Review Further,Review
22569,0.1363354432658297,4.190417226673278,1951,6902.93,7,Positive / Unusual,Review Further,Review
84992,0.9412812921755818,0.6800985255299393,13612,6860.6,8,Positive / Unusual,Review Further,Review
82483,-2.5694903002776104,6.166377184174983,1224,6841.51,7,Elastic,Protect Price / Targeted Discount,High
21314,-0.6184315156433695,2.734163983371126,3136,6608.2300000000005,6,Inelastic,Test Moderate Price Increase,Medium
21485,0.8994441424868385,5.645981811292157,1308,6505.58,7,Positive / Unusual,Review Further,Review
22624,-2.9666370822225354,9.340520261550628,759,6487.51,5,Elastic,Protect Price / Targeted Discount,High
47590A,-1.1742935073911245,5.334538525498892,1343,6461.200000000001,4,Elastic,Protect Price / Targeted Discount,High
22084,-1.4508266635354283,3.51610434010434,2271,6459.620000000001,9,Elastic,Protect Price / Targeted Discount,High
21481,-2.980765244550671,3.5755769059011167,2000,6410.9800000000005,5,Elastic,Protect Price / Targeted Discount,High
21791,-0.7913564903206484,1.483988957525174,4712,6371.16,6,Inelastic,Test Moderate Price Increase,Medium
22352,-0.7641125193495731,3.0441921315235856,2485,6334.14,9,Inelastic,Test Moderate Price Increase,Medium
22654,-1.964584779462144,7.514932932776036,929,6303.49,4,Elastic,Protect Price / Targeted Discount,High
84987,-1.1717996248180336,1.7518082331860545,4331,6300.28,11,Elastic,Protect Price / Targeted Discount,High
85232B,1.425373685994902,5.652531756068521,1267,6291.2300000000005,8,Positive / Unusual,Review Further,Review
48184,1.274877529810557,8.714675801138066,1040,6280.38,6,Positive / Unusual,Review Further,Review
20972,-2.3917069157515947,1.4216555881538846,5095,6253.99,8,Elastic,Protect Price / Targeted Discount,High
15036,-3.561509551769716,0.9394295434098066,8502,6242.76,6,Elastic,Protect Price / Targeted Discount,High
21672,0.5320905676975138,1.5019997003139418,4958,6234.19,11,Positive / Unusual,Review Further,Review
22297,-0.3049968502625706,1.610723082808336,4851,6230.55,7,Inelastic,Test Moderate Price Increase,Medium
82583,-0.3224529970154384,2.558281943581421,3064,6219.240000000001,9,Inelastic,Test Moderate Price Increase,Medium
22301,-1.392683345908524,3.146840594316432,2450,6202.58,11,Elastic,Protect Price / Targeted Discount,High
72760B,-1.7304672926232467,11.2062918627451,648,6127.04,5,Elastic,Protect Price / Targeted Discount,High
21080,-1.918963170528169,0.9896370889910496,7641,6110.25,5,Elastic,Protect Price / Targeted Discount,High
21539,-1.4483740325360457,5.819883073456418,1227,6057.1900000000005,9,Elastic,Protect Price / Targeted Discount,High
22501,-1.6459777423020288,14.548402568922304,491,6040.889999999999,4,Elastic,Protect Price / Targeted Discount,High
21156,2.36274667198759,2.079814804986031,3254,6011.76,8,Positive / Unusual,Review Further,Review
84077,0.0325814073154028,0.2662020982365315,27795,6002.869999999999,5,Positive / Unusual,Review Further,Review
21704,1.365750884008552,0.9928038473248832,7790,5978.15,7,Positive / Unusual,Review Further,Review
21622,1.325864358307156,5.713547955939886,1160,5976.36,8,Positive / Unusual,Review Further,Review
22381,3.683187414956981,2.565071050059166,2824,5971.49,5,Positive / Unusual,Review Further,Review
22147,-0.3927921033387352,1.6092973222359643,4159,5954.26,8,Inelastic,Test Moderate Price Increase,Medium
21390,-0.4431729284080597,1.4327991484526903,4723,5903.21,9,Inelastic,Test Moderate Price Increase,Medium
48116,-0.3565571785641566,8.983095478353734,914,5889.3,8,Inelastic,Test Moderate Price Increase,Medium
84947,1.6278884921444856,1.4412089310400766,4929,5857.89,10,Positive / Unusual,Review Further,Review
48173C,-0.1576928225780793,8.065766663485961,978,5802.64,6,Inelastic,Test Moderate Price Increase,Medium
22625,-0.5777755463486834,10.265937926229023,627,5724.3,5,Inelastic,Test Moderate Price Increase,Medium
22464,0.4999464446769106,1.9710757225203288,3450,5718.6900000000005,8,Positive / Unusual,Review Further,Review
20719,-0.2692207474305595,1.0956571670227226,5811,5680.889999999999,7,Inelastic,Test Moderate Price Increase,Medium
20712,1.6100413822905997,2.834154578143314,2604,5677.91,7,Positive / Unusual,Review Further,Review
20676,-2.507913461877537,1.4732882655810515,4634,5631.12,10,Elastic,Protect Price / Targeted Discount,High
85066,2.247174827059454,14.075117078410312,447,5607.89,5,Positive / Unusual,Review Further,Review
47556B,1.8274048555145848,3.208040125022847,1925,5600.59,8,Positive / Unusual,Review Further,Review
79321,-1.550860738967125,5.734790223665224,1164,5571.6,6,Elastic,Protect Price / Targeted Discount,High
22366,-1.39735602949609,8.779286492786492,847,5399.490000000001,6,Elastic,Protect Price / Targeted Discount,High
85065,-0.0541913089938358,13.292308470764617,450,5385.12,8,Inelastic,Test Moderate Price Increase,Medium
22295,-2.665696354775561,1.7725864643446811,3254,5351.860000000001,5,Elastic,Protect Price / Targeted Discount,High
21935,1.2978267977146232,2.344235833995296,2854,5314.46,10,Positive / Unusual,Review Further,Review
22558,1.0590959583705717,1.468260875966139,4307,5299.7,5,Positive / Unusual,Review Further,Review
84880,-0.9824704671418047,6.403563534107091,927,5262.25,8,Inelastic,Test Moderate Price Increase,Medium
22385,-1.6205418420817892,2.244329523519694,2856,5235.4,4,Elastic,Protect Price / Targeted Discount,High
22424,-2.886846224314088,14.882462435274936,383,5228.349999999999,6,Elastic,Protect Price / Targeted Discount,High
21781,1.874540973188349,16.316831689420635,339,5219.91,9,Positive / Unusual,Review Further,Review
21868,-0.7107056872235219,1.6170938283656362,4417,5213.92,8,Inelastic,Test Moderate Price Increase,Medium
22698,-1.988621264429412,3.4814268018018018,1778,5206.6900000000005,4,Elastic,Protect Price / Targeted Discount,High
82600,0.2178043992903965,2.35749985988676,2665,5205.68,6,Positive / Unusual,Review Further,Review
22088,0.1406679405026101,3.5317977053354124,1728,5199.8,9,Positive / Unusual,Review Further,Review
20749,-0.0099367172200887,8.242112220109023,692,5141.44,7,Inelastic,Test Moderate Price Increase,Medium
47591D,-0.3584212131218005,2.1304964480620043,2756,5126.16,6,Inelastic,Test Moderate Price Increase,Medium
21108,-0.213732229844351,3.493939888408805,1860,5116.08,10,Inelastic,Test Moderate Price Increase,Medium
22064,-0.4242184539952446,2.1441381573055653,3129,5096.99,9,Inelastic,Test Moderate Price Increase,Medium
22300,-1.8527043410248805,2.937425468409586,2036,5087.1900000000005,10,Elastic,Protect Price / Targeted Discount,High
22169,-1.0155347325402615,9.718213378075028,588,5046.64,6,Elastic,Protect Price / Targeted Discount,High
21169,-1.947376065185645,1.990514297178232,3177,5041.89,8,Elastic,Protect Price / Targeted Discount,High
21114,-0.263465526111386,1.8800169019302084,3943,5040.55,11,Inelastic,Test Moderate Price Increase,Medium
22296,-1.8934613222710657,1.81958054893682,3135,5033.01,5,Elastic,Protect Price / Targeted Discount,High
22487,-0.2385002072274268,11.464611470927707,496,5014.929999999999,6,Inelastic,Test Moderate Price Increase,Medium
21172,0.3466290421771598,1.7580061942332752,3475,5006.51,10,Positive / Unusual,Review Further,Review
22502,0.4370432095965965,5.798673403756776,975,4970.97,4,Positive / Unusual,Review Further,Review
71053,-0.6980355304597096,4.244144527986633,1310,4965.7,6,Inelastic,Test Moderate Price Increase,Medium
21165,-2.488105704046202,2.1306776706721777,3191,4950.44,8,Elastic,Protect Price / Targeted Discount,High
20718,-0.3768854373070551,1.5656331418920304,3756,4941.73,6,Inelastic,Test Moderate Price Increase,Medium
22180,3.1161670281836136,10.941439866805307,481,4929.33,10,Positive / Unusual,Review Further,Review
48189,-0.6431543018849615,9.311688189910422,773,4924.37,8,Inelastic,Test Moderate Price Increase,Medium
21790,0.7372632170867549,1.0101890503676216,5385,4890.74,6,Positive / Unusual,Review Further,Review
22149,-2.6670402668356488,2.334821122686112,2268,4861.070000000001,6,Elastic,Protect Price / Targeted Discount,High
22417,0.6019030138737141,0.6832731824803627,9387,4858.91,9,Positive / Unusual,Review Further,Review
21936,1.137669504061375,3.7922047777408254,1647,4846.73,6,Positive / Unusual,Review Further,Review
22170,-1.4659061823648745,7.221727141116484,731,4803.71,7,Elastic,Protect Price / Targeted Discount,High
22456,-2.680862673054268,6.279547718985496,1040,4736.900000000001,5,Elastic,Protect Price / Targeted Discount,High
22646,-4.704949238229439,1.797464035964036,3208,4706.01,5,Elastic,Protect Price / Targeted Discount,High
21164,0.2181521336172243,3.360320464352541,1739,4687.570000000001,5,Positive / Unusual,Review Further,Review
22507,-0.3520004379908558,5.893562119309262,999,4677.72,5,Inelastic,Test Moderate Price Increase,Medium
48129,0.3153690720513643,8.21801715501696,651,4622.25,7,Positive / Unusual,Review Further,Review
21673,1.8815657442016327,1.6117848553160206,3594,4612.2,9,Positive / Unusual,Review Further,Review
21186,-0.8556811264063425,1.9987826603792125,2852,4582.59,6,Inelastic,Test Moderate Price Increase,Medium
22505,-1.6463513486069967,5.593204024943311,966,4577.009999999999,4,Elastic,Protect Price / Targeted Discount,High
21380,-0.9702885023646202,3.439136369658429,1583,4557.9800000000005,6,Inelastic,Test Moderate Price Increase,Medium
84378,-1.763035619828968,1.5767775463376503,3495,4547.76,8,Elastic,Protect Price / Targeted Discount,High
20723,0.7379131579318019,1.1265206701242454,4689,4543.19,7,Positive / Unusual,Review Further,Review
21429,2.10892519010467,2.0915475583965035,2582,4540.56,7,Positive / Unusual,Review Further,Review
22508,0.5672649416426734,4.274277194896994,1155,4538.88,9,Positive / Unusual,Review Further,Review
22073,0.5568889766410883,4.522222622893346,1132,4525.6,9,Positive / Unusual,Review Further,Review
22367,0.693819973192258,2.166162148206168,2293,4499.14,7,Positive / Unusual,Review Further,Review
21411,0.2570679382056291,4.890234721418932,1074,4498.6,11,Positive / Unusual,Review Further,Review
22283,-2.982216011790864,9.196409530551382,589,4479.59,11,Elastic,Protect Price / Targeted Discount,High
22179,-0.4115892076428183,8.003567595598845,631,4453.81,8,Inelastic,Test Moderate Price Increase,Medium
22353,-2.4634149583033613,3.596951101245934,1620,4446.17,7,Elastic,Protect Price / Targeted Discount,High
22623,0.3201205142958327,5.456576555023924,800,4437.4400000000005,5,Positive / Unusual,Review Further,Review
22072,-0.4313187660482848,4.492919777745125,1109,4428.89,9,Inelastic,Test Moderate Price Increase,Medium
22348,-3.106441158352796,1.0752989680506877,5291,4416.56,9,Elastic,Protect Price / Targeted Discount,High
21361,2.1869012782243056,14.22084168368261,338,4409.22,8,Positive / Unusual,Review Further,Review
22413,0.1098116873761935,3.4371782115628897,1667,4409.09,6,Positive / Unusual,Review Further,Review
22561,-2.570971754457561,1.711350025705289,2468,4377.360000000001,4,Elastic,Protect Price / Targeted Discount,High
22554,2.1508323388920045,1.8424341290893007,2684,4371.12,5,Positive / Unusual,Review Further,Review
35970,3.412131891505529,2.4155091575091574,2522,4349.66,6,Positive / Unusual,Review Further,Review
22560,-0.5528626131786071,1.3692526589614478,3339,4347.04,6,Inelastic,Test Moderate Price Increase,Medium
21912,-0.5146285073444453,4.371067221346478,1129,4344.88,9,Inelastic,Test Moderate Price Increase,Medium
22606,-0.8189960915798498,16.78381157981264,287,4329.89,7,Inelastic,Test Moderate Price Increase,Medium
21976,-2.9038401827687177,0.7310476292366086,8181,4327.5,11,Elastic,Protect Price / Targeted Discount,High
35961,-2.179397977696076,1.2244401725944776,5155,4323.650000000001,9,Elastic,Protect Price / Targeted Discount,High
22063,0.6687091963826365,3.489505802659673,1481,4312.95,11,Positive / Unusual,Review Further,Review
22151,-1.4828217231517362,0.4919726178682894,9974,4293.58,9,Elastic,Protect Price / Targeted Discount,High
22082,-1.9441431582631807,1.8750824938291504,2545,4265.639999999999,7,Elastic,Protect Price / Targeted Discount,High
21658,-2.212528693982174,5.143147287650633,1032,4261.76,9,Elastic,Protect Price / Targeted Discount,High
47570B,0.3829579527359792,12.127722342472342,403,4249.21,7,Positive / Unusual,Review Further,Review
21974,-1.4938960376506771,1.8452692798154784,2835,4243.629999999999,7,Elastic,Protect Price / Targeted Discount,High
21559,-2.161951664100859,3.014252594556752,1757,4241.55,6,Elastic,Protect Price / Targeted Discount,High
21937,-0.0252121776774616,3.820391675142336,1364,4238.28,8,Inelastic,Test Moderate Price Increase,Medium
22584,1.0265789859182386,2.8713610617967142,1688,4238.25,6,Positive / Unusual,Review Further,Review
21385,-0.6599445695695763,1.0261951243486542,4891,4233.93,9,Inelastic,Test Moderate Price Increase,Medium
22358,-0.1622916395322911,3.820541578728078,1380,4211.0,10,Inelastic,Test Moderate Price Increase,Medium
22619,3.485457618588178,4.343015660809779,1111,4209.45,6,Positive / Unusual,Review Further,Review
22365,-4.769965223324537,8.622138694638696,675,4134.11,5,Elastic,Protect Price / Targeted Discount,High
22645,-0.486188011985334,1.865210622748328,2366,4126.3,5,Inelastic,Test Moderate Price Increase,Medium
22275,-1.6943559781583588,8.974101648351649,495,4122.22,6,Elastic,Protect Price / Targeted Discount,High
21700,-1.6250995762006832,2.7777969235657127,4020,4113.12,12,Elastic,Protect Price / Targeted Discount,High
21908,1.079425161075994,2.4625311838555546,1963,4068.940000000001,6,Positive / Unusual,Review Further,Review
35400,-2.301514857849328,11.29822072072072,391,4031.64,4,Elastic,Protect Price / Targeted Discount,High
21216,-1.237419370014473,6.229767178747202,777,3992.39,6,Elastic,Protect Price / Targeted Discount,High
22218,0.2585069546020009,5.3139587415372365,910,3978.92,9,Positive / Unusual,Review Further,Review
84792,1.645062655105454,5.060543071511821,944,3970.4,8,Positive / Unusual,Review Further,Review
22207,-1.359012838957257,5.33944300797242,940,3947.1,7,Elastic,Protect Price / Targeted Discount,High
21243,-1.7025999509772158,1.8820834225317693,2405,3942.35,10,Elastic,Protect Price / Targeted Discount,High
79067,0.5165709572028212,4.855537351781803,967,3932.01,10,Positive / Unusual,Review Further,Review
22080,1.1264088300713315,1.9273887042297173,2322,3919.96,11,Positive / Unusual,Review Further,Review
84988,-0.5789130708684846,2.0609539641892654,2542,3908.83,7,Inelastic,Test Moderate Price Increase,Medium
20970,0.2933642807985205,4.139135528287502,1026,3904.02,10,Positive / Unusual,Review Further,Review
85064,-3.233446947335073,6.207740919295758,856,3892.42,5,Elastic,Protect Price / Targeted Discount,High
21154,0.3291413103485042,1.6557364332421385,2906,3892.35,8,Positive / Unusual,Review Further,Review
22171,-2.088088094061708,9.658331212390197,516,3879.33,6,Elastic,Protect Price / Targeted Discount,High
17003,-3.2575528340278894,0.2486702602952603,21012,3875.06,8,Elastic,Protect Price / Targeted Discount,High
22618,-1.6221663338714134,10.43301570842012,397,3868.82,6,Elastic,Protect Price / Targeted Discount,High
79029,2.029696790027286,2.2026246835870897,2062,3860.96,5,Positive / Unusual,Review Further,Review
84949,-4.0935734918465565,1.8201267616227248,2440,3854.16,5,Elastic,Protect Price / Targeted Discount,High
22109,-2.398460496474181,4.816808224346077,943,3844.41,8,Elastic,Protect Price / Targeted Discount,High
21115,-0.0172583297147087,8.047219271318793,538,3826.37,11,Inelastic,Test Moderate Price Increase,Medium
22488,-2.7027784068788807,1.8918703805167216,2310,3813.45,7,Elastic,Protect Price / Targeted Discount,High
21260,-3.447123384720627,3.807760180053822,1152,3810.55,8,Elastic,Protect Price / Targeted Discount,High
21531,1.4238984894556994,2.9538295716082974,1498,3801.18,8,Positive / Unusual,Review Further,Review
22303,4.491088750482231,2.6616993152524167,1576,3788.58,7,Positive / Unusual,Review Further,Review
21035,-6.590272555693578,3.7289690503170174,1231,3782.33,6,Elastic,Protect Price / Targeted Discount,High
79000,0.9492298521344338,1.328550029192299,4693,3775.91,8,Positive / Unusual,Review Further,Review
22041,1.1951503150582106,3.320806681647017,1626,3773.33,7,Positive / Unusual,Review Further,Review
22595,-4.218179426459919,0.9997990511994272,4350,3759.42,4,Elastic,Protect Price / Targeted Discount,High
21981,-5.885986622933891,0.4477622795744985,14217,3746.79,6,Elastic,Protect Price / Targeted Discount,High
21259,-0.0040676468307818,6.84333753094748,606,3726.62,6,Inelastic,Test Moderate Price Increase,Medium
85175,0.384624627541447,1.5299257927861216,8581,3682.99,10,Positive / Unusual,Review Further,Review
21242,-3.2685588035629807,1.9286651026165944,2186,3676.78,7,Elastic,Protect Price / Targeted Discount,High
22271,-2.745771826691447,3.3531250000000004,1305,3670.39,6,Elastic,Protect Price / Targeted Discount,High
85067,1.2828307882177603,19.69911973443224,225,3654.18,6,Positive / Unusual,Review Further,Review
84347,-4.435898969393142,3.929914053426248,1279,3635.38,5,Elastic,Protect Price / Targeted Discount,High
21871,1.709659751373229,1.6067983243586983,3058,3634.33,6,Positive / Unusual,Review Further,Review
21833,1.6495360785315754,1.952034786693192,2076,3624.62,8,Positive / Unusual,Review Further,Review
84375,1.8228609276804053,2.397639964603432,1860,3624.57,8,Positive / Unusual,Review Further,Review
47567B,1.6241783444144977,6.1576805985552125,656,3617.79,6,Positive / Unusual,Review Further,Review
21155,0.1972042893687289,2.514579129747508,1745,3596.6800000000003,7,Positive / Unusual,Review Further,Review
22528,0.8081326621601956,2.237725572359193,2790,3578.75,6,Positive / Unusual,Review Further,Review
21668,0.0625614114903088,1.5931296433584765,2609,3537.85,7,Positive / Unusual,Review Further,Review
21891,-0.9849877861267666,1.485467805834722,2747,3526.75,8,Inelastic,Test Moderate Price Increase,Medium
22089,0.7819467924748509,3.353843425125615,1220,3526.71,9,Positive / Unusual,Review Further,Review
22485,-2.651740895071552,15.321020221370794,265,3516.69,6,Elastic,Protect Price / Targeted Discount,High
22215,-3.4169918818896954,9.235653188306737,414,3511.94,7,Elastic,Protect Price / Targeted Discount,High
22627,-0.9119142265450756,9.890842894056847,389,3509.89,5,Inelastic,Test Moderate Price Increase,Medium
22649,-3.1822355733531733,6.162321338383839,708,3504.68,4,Elastic,Protect Price / Targeted Discount,High
21094,3.0130215089131465,1.0037581363530284,4282,3473.53,5,Positive / Unusual,Review Further,Review
84692,1.191120993279024,0.6043392717926003,7240,3465.13,9,Positive / Unusual,Review Further,Review
21670,0.827089641171208,1.5817898573678,2483,3464.51,8,Positive / Unusual,Review Further,Review
20975,-0.1436598196555318,0.7531838383553351,5109,3455.04,7,Inelastic,Test Moderate Price Increase,Medium
21363,-1.5604638281884493,5.835632962334151,651,3447.04,9,Elastic,Protect Price / Targeted Discount,High
20682,-0.1843101079993522,3.8571723003105935,1020,3437.92,8,Inelastic,Test Moderate Price Increase,Medium
82552,1.677851602605164,1.4301571879343506,2783,3423.77,8,Positive / Unusual,Review Further,Review
21907,-1.2948668038346447,2.237163596744609,1637,3419.01,6,Elastic,Protect Price / Targeted Discount,High
21430,-0.1464378740717551,4.56902880805635,872,3417.06,5,Inelastic,Test Moderate Price Increase,Medium
22198,-5.024640154211858,2.074103639210295,1908,3397.93,5,Elastic,Protect Price / Targeted Discount,High
84380,-1.530438954165318,1.6276476787705048,2540,3380.85,8,Elastic,Protect Price / Targeted Discount,High
21735,0.6299927995559359,15.654869047619046,256,3344.34,6,Positive / Unusual,Review Further,Review
40016,-0.4825521133776502,1.728526283901284,9866,3337.1,12,Inelastic,Test Moderate Price Increase,Medium
22220,-2.095317063203535,10.42825322420635,341,3331.39,8,Elastic,Protect Price / Targeted Discount,High
20677,1.334588921346449,1.522890651166071,2682,3328.46,9,Positive / Unusual,Review Further,Review
21135,-0.0356351871752672,2.3225416666666665,1908,3319.72,8,Inelastic,Test Moderate Price Increase,Medium
84839,0.3982361253045013,6.856663852813853,519,3312.09,6,Positive / Unusual,Review Further,Review
22111,-1.6210781521725657,6.237199029832647,602,3301.09,5,Elastic,Protect Price / Targeted Discount,High
22199,0.878148709039502,5.186066612450558,752,3276.66,11,Positive / Unusual,Review Further,Review
22553,1.5698189391767636,1.850833282623394,1972,3275.35,6,Positive / Unusual,Review Further,Review
72807C,-1.6770803371276246,5.706135802469136,778,3270.44,9,Elastic,Protect Price / Targeted Discount,High
75049L,-2.0036834147296725,1.5891178488178486,3483,3270.37,7,Elastic,Protect Price / Targeted Discount,High
22567,-0.1706741324614073,1.397231816067602,2694,3261.36,7,Inelastic,Test Moderate Price Increase,Medium
21257,-2.6594376816070366,10.490502476469514,348,3251.02,6,Elastic,Protect Price / Targeted Discount,High
22121,-3.741660596821009,6.461289726236205,505,3235.15,5,Elastic,Protect Price / Targeted Discount,High
21892,0.0290017194245275,1.5085201299418394,2513,3217.55,7,Positive / Unusual,Review Further,Review
21625,1.4211176009406743,8.041292992032123,447,3216.4,11,Positive / Unusual,Review Further,Review
22668,-3.9805975189349367,4.164910344827587,1052,3209.88,5,Elastic,Protect Price / Targeted Discount,High
21624,0.550197074390194,6.423907957089646,525,3208.59,8,Positive / Unusual,Review Further,Review
79320,2.252559143021017,6.027417301265985,663,3173.19,8,Positive / Unusual,Review Further,Review
21122,-2.752834388102309,1.3216796425796424,2619,3169.53,5,Elastic,Protect Price / Targeted Discount,High
21042,-0.1705956280303458,6.63721974689811,528,3164.4,9,Inelastic,Test Moderate Price Increase,Medium
10002,-0.6910454494790746,1.0022807351186676,3944,3150.78,6,Inelastic,Test Moderate Price Increase,Medium
15056P,0.8654572994504566,5.996424603174603,580,3139.28,7,Positive / Unusual,Review Further,Review
22465,1.4763471596480915,1.9136255969738112,1857,3138.12,7,Positive / Unusual,Review Further,Review
15060B,0.7255778916266536,5.700132486250515,628,3137.5600000000004,8,Positive / Unusual,Review Further,Review
21870,-0.4050997726525651,1.4857295338855905,2544,3135.92,8,Inelastic,Test Moderate Price Increase,Medium
85063,-2.836082583939585,19.580015930250305,172,3132.36,8,Elastic,Protect Price / Targeted Discount,High
22380,-3.9727102380406976,2.4401289054860484,1551,3124.36,7,Elastic,Protect Price / Targeted Discount,High
22663,-3.71484355108107,2.25270894320843,1653,3116.28,4,Elastic,Protect Price / Targeted Discount,High
37450,-0.7851340224022887,3.3912950345414115,1103,3116.06,9,Inelastic,Test Moderate Price Increase,Medium
21777,1.31411798035111,8.713604419545597,379,3073.53,5,Positive / Unusual,Review Further,Review
22079,0.4661968049111943,1.917749807637216,1839,3046.83,8,Positive / Unusual,Review Further,Review
21086,-0.5532431136977515,0.7793290513227624,4858,3030.17,5,Inelastic,Test Moderate Price Increase,Medium
22327,3.958501387527292,3.400065106850821,1004,3028.24,7,Positive / Unusual,Review Further,Review
22219,-1.9148247545117607,1.1019144009185562,3300,3016.45,7,Elastic,Protect Price / Targeted Discount,High
22466,2.759296484865666,2.213235013663585,1599,3014.21,7,Positive / Unusual,Review Further,Review
22055,-1.7826764251393226,2.241006670735241,1650,2967.84,7,Elastic,Protect Price / Targeted Discount,High
22174,0.2387783779471696,2.364339964264443,1128,2955.47,5,Positive / Unusual,Review Further,Review
22418,-0.6165188037590894,1.0119523256671088,3492,2952.28,5,Inelastic,Test Moderate Price Increase,Medium
21715,0.4251618335034646,3.418012793700293,1121,2917.39,8,Positive / Unusual,Review Further,Review
22173,-1.50791878393,3.967452882156207,972,2915.23,4,Elastic,Protect Price / Targeted Discount,High
21071,-0.953946871833654,1.5543761428973504,2538,2911.98,10,Inelastic,Test Moderate Price Increase,Medium
21244,-2.409739730578517,1.874234521488908,1792,2910.62,9,Elastic,Protect Price / Targeted Discount,High
84968B,0.7790474316284589,15.148844444444444,214,2897.04,5,Positive / Unusual,Review Further,Review
21890,-1.4643215204561624,3.575326247817968,985,2881.8500000000004,8,Elastic,Protect Price / Targeted Discount,High
84270,0.7632544699711873,0.2495578496314652,13361,2865.23,8,Positive / Unusual,Review Further,Review
21768,-1.0782068901374913,18.774473824786323,174,2865.18,6,Elastic,Protect Price / Targeted Discount,High
22185,-3.389855487032163,1.8437178779413568,1750,2857.52,9,Elastic,Protect Price / Targeted Discount,High
21578,0.3948410305246562,2.6013589899995084,1220,2841.56,10,Positive / Unusual,Review Further,Review
84520B,2.491275432931052,1.0242970876884794,3171,2817.41,7,Positive / Unusual,Review Further,Review
21563,-2.0389479529206547,3.4748010370549074,947,2816.5,9,Elastic,Protect Price / Targeted Discount,High
20681,0.4233218921999943,3.834808354866494,815,2799.83,9,Positive / Unusual,Review Further,Review
22242,2.987167154806576,1.8281256170329536,1747,2790.6,6,Positive / Unusual,Review Further,Review
20751,2.081616277626628,2.251684404623616,1309,2772.13,9,Positive / Unusual,Review Further,Review
20717,-1.8296372379685304,1.5917382987987565,2197,2767.12,9,Elastic,Protect Price / Targeted Discount,High
21544,0.3397558383971881,0.9975057494685108,3426,2764.12,10,Positive / Unusual,Review Further,Review
44230,-1.4069987186336537,8.979803571428572,273,2761.98,8,Elastic,Protect Price / Targeted Discount,High
22243,2.920309078796913,1.778277120630861,1786,2759.64,4,Positive / Unusual,Review Further,Review
47599A,-0.6315536033568061,2.194627961812744,1497,2757.19,6,Inelastic,Test Moderate Price Increase,Medium
21934,-1.1339936731087732,2.266167185367185,1622,2748.2,10,Elastic,Protect Price / Targeted Discount,High
22349,0.7922671882874757,4.04400078320802,684,2737.63,8,Positive / Unusual,Review Further,Review
47568,-1.860235233523531,2.5144071836376183,1300,2721.03,5,Elastic,Protect Price / Targeted Discount,High
21239,-2.6004026009614387,1.0224215231690723,3122,2704.79,9,Elastic,Protect Price / Targeted Discount,High
21756,3.4274963309423736,6.350356004356004,444,2702.86,4,Positive / Unusual,Review Further,Review
21985,-2.0508638354527284,0.4083941343743975,8216,2699.38,8,Elastic,Protect Price / Targeted Discount,High
21749,0.3402273018576449,2.7216406411049268,1370,2664.3,7,Positive / Unusual,Review Further,Review
85038,0.9474582426510848,2.474373528518265,1239,2648.75,9,Positive / Unusual,Review Further,Review
21911,0.1318503557392893,2.0938636763130183,1619,2614.55,10,Positive / Unusual,Review Further,Review
22498,-0.1704172069343262,6.985740842953343,412,2587.04,8,Inelastic,Test Moderate Price Increase,Medium
21875,-0.2759388205137282,1.6884425667466605,2324,2583.36,9,Inelastic,Test Moderate Price Increase,Medium
21903,-0.0976179747940496,2.4728872718343995,1331,2578.84,8,Inelastic,Test Moderate Price Increase,Medium
22378,-1.1037110303204285,2.800844078080577,1158,2577.82,10,Elastic,Protect Price / Targeted Discount,High
21326,1.1531317041379308,0.8057372578734672,3973,2570.6400000000003,8,Positive / Unusual,Review Further,Review
37495,-1.4109695081950069,4.1804109846726805,701,2552.7,9,Elastic,Protect Price / Targeted Discount,High
21922,0.7151156670137475,9.978885620915031,324,2548.84,5,Positive / Unusual,Review Further,Review
21349,-1.2795611008122951,9.879979797979797,339,2538.03,5,Elastic,Protect Price / Targeted Discount,High
21671,0.8788544145369834,1.520752151732786,1983,2537.55,4,Positive / Unusual,Review Further,Review
72351A,-2.86512240470001,2.3655302875243667,1226,2535.1400000000003,8,Elastic,Protect Price / Targeted Discount,High
22414,-1.946331684092074,9.2026666151309,442,2529.24,7,Elastic,Protect Price / Targeted Discount,High
84975,-0.4972726012735216,2.036335989895772,1534,2529.02,9,Inelastic,Test Moderate Price Increase,Medium
21121,-3.7889305013496095,1.4103558253340862,2041,2527.73,4,Elastic,Protect Price / Targeted Discount,High
20979,-2.5462043613734857,1.4524973368755263,2017,2523.01,7,Elastic,Protect Price / Targeted Discount,High
84971S,-1.2122713234322875,1.0212877470735096,3024,2519.91,8,Elastic,Protect Price / Targeted Discount,High
22150,-0.5075872285674728,2.1989058836128152,1354,2519.12,5,Inelastic,Test Moderate Price Increase,Medium
22110,-1.2711293272789166,4.74049234839817,788,2500.9300000000003,8,Elastic,Protect Price / Targeted Discount,High
47599B,1.7872912466060364,2.230714190779981,1292,2476.1200000000003,7,Positive / Unusual,Review Further,Review
22273,-0.2514735123440935,3.2379572723019976,845,2466.51,5,Inelastic,Test Moderate Price Increase,Medium
22335,-0.8362062051107759,0.7971591705852212,3794,2464.42,9,Inelastic,Test Moderate Price Increase,Medium
21900,-0.6431225941671601,0.7823380114884546,3662,2440.23,10,Inelastic,Test Moderate Price Increase,Medium
22156,-1.6996966981272887,1.0189834422437318,2860,2436.49,8,Elastic,Protect Price / Targeted Discount,High
21874,2.228047366517417,1.6802919683050372,1928,2433.61,9,Positive / Unusual,Review Further,Review
84016,0.8065847960195929,64.32400793650793,623,2423.47,4,Positive / Unusual,Review Further,Review
22224,1.1529991084328772,3.7019234848484848,750,2412.51,8,Positive / Unusual,Review Further,Review
21528,0.7227534318248902,7.400148223304473,347,2407.29,8,Positive / Unusual,Review Further,Review
21558,-2.491282715242201,3.090126080871695,952,2405.17,6,Elastic,Protect Price / Targeted Discount,High
21143,1.360397211882482,2.468033816425121,1234,2398.42,6,Positive / Unusual,Review Further,Review
22059,-0.9663612034247376,1.839129263415893,1612,2392.11,8,Inelastic,Test Moderate Price Increase,Medium
82551,-3.2987657015394496,1.6052852732330811,1850,2391.94,8,Elastic,Protect Price / Targeted Discount,High
85047,1.1798623159199264,7.098211191107742,374,2368.08,5,Positive / Unusual,Review Further,Review
21669,0.4537694991587857,1.5317340489971731,1731,2348.41,5,Positive / Unusual,Review Further,Review
21033,-1.1273230472958748,3.6147691681605822,926,2347.21,8,Elastic,Protect Price / Targeted Discount,High
21110,0.1555953635722518,8.3540248015873,317,2346.83,8,Positive / Unusual,Review Further,Review
22354,-2.4708372811266552,4.416685326438268,595,2339.79,5,Elastic,Protect Price / Targeted Discount,High
20754,-1.76366003062893,2.5091348928070527,1109,2325.4700000000003,6,Elastic,Protect Price / Targeted Discount,High
21872,-2.1683569953011923,1.5375516388373531,2378,2319.05,7,Elastic,Protect Price / Targeted Discount,High
22357,1.387302309761964,5.11700551725707,523,2318.23,7,Positive / Unusual,Review Further,Review
22371,-1.802696586814496,5.897761549768563,442,2309.15,6,Elastic,Protect Price / Targeted Discount,High
22057,-0.7291911412606324,2.1198394736842103,1688,2308.95,10,Inelastic,Test Moderate Price Increase,Medium
22187,-1.705569306943196,5.294038725655748,525,2306.4700000000003,5,Elastic,Protect Price / Targeted Discount,High
21463,-2.205985689553282,7.25062852760892,394,2304.1000000000004,9,Elastic,Protect Price / Targeted Discount,High
21914,0.4716611010151645,2.155718189964158,1801,2301.13,6,Positive / Unusual,Review Further,Review
21765,0.439228718364729,8.764148184921963,283,2293.98,8,Positive / Unusual,Review Further,Review
20969,1.60174489286359,4.23235737088998,596,2291.79,7,Positive / Unusual,Review Further,Review
21746,-0.1887746869622601,1.6483032524435457,1726,2290.8700000000003,8,Inelastic,Test Moderate Price Increase,Medium
82582,-1.5132902610091696,2.3521623084123084,1107,2289.1400000000003,6,Elastic,Protect Price / Targeted Discount,High
82580,-0.9271230667033988,0.727403281644156,4039,2288.56,8,Inelastic,Test Moderate Price Increase,Medium
84968A,-1.087692877576243,14.194863953545113,173,2284.53,9,Elastic,Protect Price / Targeted Discount,High
21534,-1.4943998461597725,5.501395683118052,458,2283.24,10,Elastic,Protect Price / Targeted Discount,High
85174,-0.8087695937046848,6.121515091390092,446,2275.9300000000003,9,Inelastic,Test Moderate Price Increase,Medium
21484,-2.058109256222779,4.39470972825624,592,2271.13,8,Elastic,Protect Price / Targeted Discount,High
22282,1.3975320486600085,17.797584883526056,142,2265.83,9,Positive / Unusual,Review Further,Review
21313,1.2259162016302396,1.0757041938997822,2629,2240.71,9,Positive / Unusual,Review Further,Review
21906,1.6696946828790222,7.993885547201337,308,2236.7,6,Positive / Unusual,Review Further,Review
85062,-2.3801465000165214,1.8434058843633143,1337,2229.19,7,Elastic,Protect Price / Targeted Discount,High
22274,-0.6797770116490301,3.363140236956027,784,2215.6600000000003,4,Inelastic,Test Moderate Price Increase,Medium
22360,-2.319070883441879,3.926690391090392,737,2211.83,6,Elastic,Protect Price / Targeted Discount,High
21980,-0.5678236023932899,0.3652167105390634,7777,2209.8099999999995,10,Inelastic,Test Moderate Price Increase,Medium
21933,0.0103653993945913,3.3106166815640505,701,2200.54,9,Positive / Unusual,Review Further,Review
47580,-2.3684250832193783,3.145848081854506,897,2198.66,8,Elastic,Protect Price / Targeted Discount,High
22203,0.7849874417479166,4.694718127705627,540,2197.16,10,Positive / Unusual,Review Further,Review
21876,-0.8406597044156946,1.810784034854651,1608,2186.22,11,Inelastic,Test Moderate Price Increase,Medium
22115,-0.619307285127009,3.94946181197662,752,2182.7000000000003,9,Inelastic,Test Moderate Price Increase,Medium
22244,0.3558865745471909,2.5022752620545075,1125,2180.88,5,Positive / Unusual,Review Further,Review
22278,0.1355959690874401,6.507357311421078,385,2178.9,9,Positive / Unusual,Review Further,Review
22193,0.3036162112435885,8.783926823176824,260,2177.56,4,Positive / Unusual,Review Further,Review
85061W,0.3308501533166088,1.0432302011713777,2391,2169.36,9,Positive / Unusual,Review Further,Review
72351B,-3.170111193277259,2.4709012512899897,1095,2159.5400000000004,5,Elastic,Protect Price / Targeted Discount,High
22195,1.4347811418878706,2.148279977827051,1233,2146.09,5,Positive / Unusual,Review Further,Review
20978,0.770734311451704,1.5022121478739126,1668,2139.38,9,Positive / Unusual,Review Further,Review
22165,-2.154368245779228,16.65427829390148,165,2133.98,9,Elastic,Protect Price / Targeted Discount,High
22221,0.9464220684989084,12.653345959595958,293,2128.3,5,Positive / Unusual,Review Further,Review
21716,-1.414797052247498,3.5908979665940444,821,2122.82,6,Elastic,Protect Price / Targeted Discount,High
37447,-1.6027618766489231,1.953462631305373,1353,2117.64,9,Elastic,Protect Price / Targeted Discount,High
22276,-0.2869402128437213,3.251593931643804,796,2109.7200000000003,8,Inelastic,Test Moderate Price Increase,Medium
22196,-0.7276819823653323,1.1485153502859449,2293,2104.64,9,Inelastic,Test Moderate Price Increase,Medium
21201,0.1836811360766623,2.9826020408163267,894,2102.34,7,Positive / Unusual,Review Further,Review
22131,2.9733001254191724,2.506850589225589,1071,2082.05,6,Positive / Unusual,Review Further,Review
22621,2.288823521263625,1.7282339966832505,1399,2079.55,6,Positive / Unusual,Review Further,Review
85049E,-0.8811121733975135,1.4210341116952556,1393,2070.35,6,Inelastic,Test Moderate Price Increase,Medium
85184D,-1.7496737120471704,3.23786507936508,4070,2066.18,7,Elastic,Protect Price / Targeted Discount,High
21714,-1.32179140827874,1.7487823574730352,1842,2065.62,7,Elastic,Protect Price / Targeted Discount,High
21381,-3.3281040460711053,2.0755867465867466,1268,2059.43,5,Elastic,Protect Price / Targeted Discount,High
22318,-0.98009748066017,3.5360068794916084,661,2057.07,7,Inelastic,Test Moderate Price Increase,Medium
21992,-1.1274495353531655,3.414897406116918,771,2053.99,7,Elastic,Protect Price / Targeted Discount,High
21832,-0.403941774343989,2.106884943181818,1186,2052.13,8,Inelastic,Test Moderate Price Increase,Medium
21240,-1.823269377370492,1.0392625393533594,2391,2049.61,8,Elastic,Protect Price / Targeted Discount,High
22583,-1.8193737703424009,2.950231259600614,771,2046.37,7,Elastic,Protect Price / Targeted Discount,High
21069,-3.0155931002255114,1.6490279605263156,2098,2042.24,8,Elastic,Protect Price / Targeted Discount,High
22582,-1.7174949322830435,2.8149385309679427,787,2039.05,6,Elastic,Protect Price / Targeted Discount,High
22329,-0.8322895892260579,2.2645384294487743,1247,2032.45,5,Inelastic,Test Moderate Price Increase,Medium
21717,0.2703836780735102,3.267219444444444,699,2028.99,6,Positive / Unusual,Review Further,Review
82599,-1.6044647882596152,2.754668200951096,918,2028.86,6,Elastic,Protect Price / Targeted Discount,High
22534,1.2796694275008502,0.4912371786626573,4439,2024.78,5,Positive / Unusual,Review Further,Review
35004B,-0.0787814046736009,7.260002383712106,377,2020.66,7,Inelastic,Test Moderate Price Increase,Medium
84884A,-2.887393444676212,4.529154295996402,510,2007.52,7,Elastic,Protect Price / Targeted Discount,High
84795C,0.4266245726733366,9.38975512079832,231,2005.17,4,Positive / Unusual,Review Further,Review
22202,-0.7748625695527664,5.235343280075188,482,2004.78,8,Inelastic,Test Moderate Price Increase,Medium
21452,-0.6478931416697759,3.285193159084216,653,2001.29,6,Inelastic,Test Moderate Price Increase,Medium
21745,-2.509856192702237,4.129660879471406,601,2000.79,5,Elastic,Protect Price / Targeted Discount,High
21537,-1.53545600459022,4.827397306397306,464,1999.18,9,Elastic,Protect Price / Targeted Discount,High
22431,-0.470612224323965,2.522002533233266,973,1987.83,8,Inelastic,Test Moderate Price Increase,Medium
21494,2.354063536430786,2.422012395516717,1257,1983.09,8,Positive / Unusual,Review Further,Review
37448,1.231325596948729,1.7334669349273135,1345,1979.51,6,Positive / Unusual,Review Further,Review
20675,-0.9654367843725428,1.4307336979836978,1589,1975.4,6,Inelastic,Test Moderate Price Increase,Medium
21238,-0.8303123227316207,1.0094637663128447,2254,1971.87,6,Inelastic,Test Moderate Price Increase,Medium
84032A,1.2013526457931474,3.255646221125813,695,1967.52,7,Positive / Unusual,Review Further,Review
20674,-1.3256762690059305,1.4591459882709883,1542,1966.66,11,Elastic,Protect Price / Targeted Discount,High
84968C,-0.0624244019739317,14.660873015873015,167,1961.78,6,Inelastic,Test Moderate Price Increase,Medium
47559B,1.570488671905181,1.365128875384347,1594,1960.6,7,Positive / Unusual,Review Further,Review
21472,0.4411194314769265,4.294132888842315,499,1960.26,7,Positive / Unusual,Review Further,Review
21407,-1.131263590279969,5.426522003538258,427,1953.67,7,Elastic,Protect Price / Targeted Discount,High
22285,0.0222601115626333,1.9890481692677071,1317,1952.25,7,Positive / Unusual,Review Further,Review
21274,-0.0964286526157156,15.129684848484848,141,1948.97,10,Inelastic,Test Moderate Price Increase,Medium
82597,0.6743844168061488,2.647848661387632,922,1947.5,10,Positive / Unusual,Review Further,Review
20981,-1.4901347259587825,0.9501546226975638,2319,1947.3,10,Elastic,Protect Price / Targeted Discount,High
22460,-1.0916774992010496,1.5291870802547494,1428,1947.28,7,Elastic,Protect Price / Targeted Discount,High
22550,-0.0041315194229304,4.611485907335907,478,1939.56,6,Inelastic,Test Moderate Price Increase,Medium
22070,1.6754643629578745,3.9382015306122446,509,1922.88,7,Positive / Unusual,Review Further,Review
22222,-1.0540316414607764,5.726716866466867,371,1919.73,11,Elastic,Protect Price / Targeted Discount,High
21100,-1.162697804269211,2.329956683430948,1069,1898.81,8,Elastic,Protect Price / Targeted Discount,High
15044D,-2.039716299261994,3.8346936750008647,649,1879.08,9,Elastic,Protect Price / Targeted Discount,High
84832,-1.6900745678274882,1.1169656522483602,2073,1878.71,8,Elastic,Protect Price / Targeted Discount,High
85216,-0.1877465915551659,1.9610567684630185,2559,1873.03,12,Inelastic,Test Moderate Price Increase,Medium
22549,-5.8271581816644815,1.7967902760295034,1247,1872.99,5,Elastic,Protect Price / Targeted Discount,High
22341,-0.8318485373392874,2.4276060606060605,1151,1867.74,7,Inelastic,Test Moderate Price Increase,Medium
21889,0.2228316867203643,1.5123856147722246,1348,1865.68,4,Positive / Unusual,Review Further,Review
22245,-0.7292370347715921,1.0814372034425743,2149,1862.05,9,Inelastic,Test Moderate Price Increase,Medium
21428,5.015082413039832,4.645448933782267,455,1848.47,6,Positive / Unusual,Review Further,Review
21709,2.433657300585099,5.715119047619048,406,1841.46,10,Positive / Unusual,Review Further,Review
20828,-4.446217592461677,2.867209909751007,752,1840.71,5,Elastic,Protect Price / Targeted Discount,High
21107,-0.4556135436838998,3.602979591836735,622,1840.26,7,Inelastic,Test Moderate Price Increase,Medium
22432,3.54850492809756,2.479785424366372,924,1839.58,7,Positive / Unusual,Review Further,Review
21973,-0.5143153067089901,1.7748313656040928,1267,1839.22,11,Inelastic,Test Moderate Price Increase,Medium
22172,2.860108055962307,9.400308802308802,202,1830.58,6,Positive / Unusual,Review Further,Review
22167,-0.4316996800978868,12.38294708994709,174,1820.29,9,Inelastic,Test Moderate Price Increase,Medium
21577,0.7217300268537266,2.650860023573124,761,1819.39,8,Positive / Unusual,Review Further,Review
47503J,-1.659821037041637,10.073886904761904,221,1806.59,8,Elastic,Protect Price / Targeted Discount,High
22468,1.9115169666678185,7.823009171410499,257,1805.47,4,Positive / Unusual,Review Further,Review
22653,-2.9131341921680662,2.2520032467532465,937,1794.27,4,Elastic,Protect Price / Targeted Discount,High
21153,3.2280376109069,12.82106209150327,161,1789.65,6,Positive / Unusual,Review Further,Review
47505,3.0999688300945034,5.094710045389394,375,1787.94,4,Positive / Unusual,Review Further,Review
82581,0.0463798445820393,0.6667430803610629,3201,1785.59,9,Positive / Unusual,Review Further,Review
47502,-0.0228430249582489,16.012083333333333,150,1782.86,4,Inelastic,Test Moderate Price Increase,Medium
22661,0.5628778954250822,0.9700759271822704,2202,1772.5000000000002,4,Positive / Unusual,Review Further,Review
22476,4.256405811518784,6.856134862380728,307,1772.28,7,Positive / Unusual,Review Further,Review
22060,0.6039429092924988,10.630638392857142,178,1770.4399999999998,8,Positive / Unusual,Review Further,Review
21561,-1.4321797634534257,2.7981332118174223,717,1767.05,6,Elastic,Protect Price / Targeted Discount,High
21507,1.6196411639846446,0.494460107522705,4249,1765.38,11,Positive / Unusual,Review Further,Review
72807A,-0.6385889668044515,5.6961992945326285,372,1764.86,9,Inelastic,Test Moderate Price Increase,Medium
22489,-1.1661153203928154,0.4962352592165898,4190,1761.66,5,Elastic,Protect Price / Targeted Discount,High
21124,-2.472062221499734,1.3277759445636033,1445,1757.83,4,Elastic,Protect Price / Targeted Discount,High
22029,1.6224646168858792,0.4996181254537812,4259,1750.26,6,Positive / Unusual,Review Further,Review
22589,-1.4121425278292976,3.061087055338866,645,1745.15,4,Elastic,Protect Price / Targeted Discount,High
22350,0.9187458094874996,3.1165119047619045,499,1736.1,7,Positive / Unusual,Review Further,Review
21067,2.58411272891707,1.451825266237031,2487,1736.07,9,Positive / Unusual,Review Further,Review
21878,0.344888768667752,1.091751985740358,2175,1727.99,6,Positive / Unusual,Review Further,Review
20748,0.0537933002058127,15.38875925925926,144,1719.04,6,Positive / Unusual,Review Further,Review
21657,-0.7433930719829344,8.668367724867725,223,1715.8100000000002,12,Inelastic,Test Moderate Price Increase,Medium
20977,0.3858275056940691,1.5286136363636362,1307,1710.09,8,Positive / Unusual,Review Further,Review
72802C,-4.018004379806506,4.634973544973545,396,1705.66,6,Elastic,Protect Price / Targeted Discount,High
22078,-1.7648481605843365,2.508176364942529,783,1699.94,4,Elastic,Protect Price / Targeted Discount,High
22493,-1.3282178565621054,1.986947152310056,1028,1695.6899999999998,4,Elastic,Protect Price / Targeted Discount,High
85049C,-2.211430712606824,1.316704337540537,1343,1694.11,8,Elastic,Protect Price / Targeted Discount,High
21986,-0.4916491831762298,0.413303119384915,4886,1689.74,10,Inelastic,Test Moderate Price Increase,Medium
22461,1.0746601924617076,14.818930632859203,129,1689.35,7,Positive / Unusual,Review Further,Review
21982,-0.4512606336609888,0.4361052040176054,5202,1685.3199999999997,6,Inelastic,Test Moderate Price Increase,Medium
22127,-2.270401286105467,2.140234924389336,1318,1682.33,8,Elastic,Protect Price / Targeted Discount,High
21245,1.8019311251927408,1.867469651263769,1008,1671.14,9,Positive / Unusual,Review Further,Review
21471,1.2004588877361986,4.056101884528515,444,1669.17,8,Positive / Unusual,Review Further,Review
21078,-0.457577930332275,1.191934387951581,1947,1659.15,5,Inelastic,Test Moderate Price Increase,Medium
22212,2.649383487872204,2.6754892584892582,761,1653.0,4,Positive / Unusual,Review Further,Review
22119,0.4041523376811879,7.293643707482993,238,1647.46,4,Positive / Unusual,Review Further,Review
85217,-0.7052543777795612,1.5018340972752735,2449,1645.3200000000002,8,Inelastic,Test Moderate Price Increase,Medium
85049G,1.9182452127137,1.348625469924812,1324,1645.28,7,Positive / Unusual,Review Further,Review
85049A,0.3881249089497638,1.377244318181818,1075,1644.83,4,Positive / Unusual,Review Further,Review
21249,1.2510425939566328,3.59024244455617,551,1644.2500000000002,9,Positive / Unusual,Review Further,Review
84968D,1.2924391334996703,14.652555555555557,142,1640.0199999999998,6,Positive / Unusual,Review Further,Review
21888,-3.898088872707946,4.476137941006362,399,1620.09,4,Elastic,Protect Price / Targeted Discount,High
21215,-0.5250097918716992,0.8483713741695026,2859,1613.24,11,Inelastic,Test Moderate Price Increase,Medium
21333,-0.7718994753677191,3.2958650050929466,524,1605.5600000000002,8,Inelastic,Test Moderate Price Increase,Medium
22227,1.0177623759066454,0.8689263975966562,2264,1582.09,8,Positive / Unusual,Review Further,Review
22112,0.0148431620709769,5.509022331154684,321,1580.35,4,Positive / Unusual,Review Further,Review
22027,-1.190805016434527,0.5174497405055544,3816,1573.61,7,Elastic,Protect Price / Targeted Discount,High
20974,-2.702914887021662,0.7543531739332292,2310,1564.11,5,Elastic,Protect Price / Targeted Discount,High
22241,-0.7766780415709944,1.7226984126984124,895,1562.2700000000002,7,Inelastic,Test Moderate Price Increase,Medium
22200,-1.7264535815886797,5.383207792207792,346,1561.28,6,Elastic,Protect Price / Targeted Discount,High
22430,0.7426369506496396,5.66204761904762,305,1560.11,5,Positive / Unusual,Review Further,Review
84279P,-2.8819607006820305,4.920244690494691,389,1559.39,8,Elastic,Protect Price / Targeted Discount,High
21488,2.2961439039900053,4.975790675990677,348,1557.2800000000002,5,Positive / Unusual,Review Further,Review
22299,-0.4961945351843074,1.576398212898213,1248,1553.46,9,Inelastic,Test Moderate Price Increase,Medium
21509,-0.1525179540631756,0.4861963306582965,3844,1552.49,9,Inelastic,Test Moderate Price Increase,Medium
22530,0.1109153408170463,0.4856261055729141,3359,1545.5,6,Positive / Unusual,Review Further,Review
22030,4.624257422422689,0.4705516510475069,3763,1544.18,7,Positive / Unusual,Review Further,Review
21077,-2.0644026132761324,0.9199683749357864,2074,1542.85,7,Elastic,Protect Price / Targeted Discount,High
85172,0.2389686755037612,1.4946831472620947,2588,1537.3200000000002,9,Positive / Unusual,Review Further,Review
15044C,3.208773594315375,3.728973601561837,492,1535.72,9,Positive / Unusual,Review Further,Review
85132A,-1.8607697643910448,9.408751665725578,266,1529.0000000000002,5,Elastic,Protect Price / Targeted Discount,High
22374,-1.0828583914360257,6.524817794010644,243,1528.02,7,Elastic,Protect Price / Targeted Discount,High
21447,-0.3582481709921235,1.5445305665349145,1090,1526.78,10,Inelastic,Test Moderate Price Increase,Medium
22581,1.1633050879709357,1.0507565152719196,1736,1526.27,4,Positive / Unusual,Review Further,Review
84691,-0.1496939760310882,0.9616787267341824,1838,1515.85,8,Inelastic,Test Moderate Price Increase,Medium
21564,-3.62113111200122,3.229422077922078,500,1504.6,8,Elastic,Protect Price / Targeted Discount,High
22497,-5.437145613931231,5.35809373433584,319,1503.45,5,Elastic,Protect Price / Targeted Discount,High
21614,-3.053236050159668,3.214787756103546,534,1495.7800000000002,4,Elastic,Protect Price / Targeted Discount,High
21041,-0.9504125535809876,3.7855061525840856,483,1490.85,4,Inelastic,Test Moderate Price Increase,Medium
21112,-1.3667652131025076,3.772507002801121,491,1487.4600000000005,10,Elastic,Protect Price / Targeted Discount,High
37441,-1.9835723798144629,4.921804164089878,643,1487.4,7,Elastic,Protect Price / Targeted Discount,High
21179,1.3787860396766225,1.504584064707312,1286,1478.09,9,Positive / Unusual,Review Further,Review
85114B,0.81461604961011,2.025307636928289,800,1475.58,10,Positive / Unusual,Review Further,Review
79164,-0.7171101771379979,6.188428571428571,1510,1473.93,7,Inelastic,Test Moderate Price Increase,Medium
22305,-1.134297010108318,2.747546296296296,746,1470.38,6,Elastic,Protect Price / Targeted Discount,High
84754,-1.6649344970752178,1.689160539215686,1176,1464.42,4,Elastic,Protect Price / Targeted Discount,High
82001S,2.558158035650839,4.299292207792208,405,1457.64,6,Positive / Unusual,Review Further,Review
22067,-0.3570040409105295,2.131509384442717,860,1446.24,9,Inelastic,Test Moderate Price Increase,Medium
20966,-1.54699535169001,1.7334013157894737,1062,1444.6799999999998,8,Elastic,Protect Price / Targeted Discount,High
85206A,-0.053547207264846,1.9881652173913045,744,1436.4,5,Inelastic,Test Moderate Price Increase,Medium
21627,1.4785055364165451,23.77522222222222,70,1435.62,9,Positive / Unusual,Review Further,Review
22217,-2.5168052266054524,1.5556941724941724,1067,1428.55,10,Elastic,Protect Price / Targeted Discount,High
21989,2.169708321908624,1.1129043008859942,1810,1424.85,6,Positive / Unusual,Review Further,Review
85049B,-4.5992320596804985,1.3142191498235845,1150,1421.78,7,Elastic,Protect Price / Targeted Discount,High
21899,-2.1017060974217707,0.7577577335858586,2141,1414.25,8,Elastic,Protect Price / Targeted Discount,High
21508,-2.0088277293151977,0.5032823658813677,3373,1404.94,10,Elastic,Protect Price / Targeted Discount,High
20967,0.5852651085372106,3.924504347826087,377,1403.31,5,Positive / Unusual,Review Further,Review
21324,-1.6938567879276554,3.793127494727495,429,1401.5500000000002,10,Elastic,Protect Price / Targeted Discount,High
20982,1.0334139643582596,0.9368096329757198,1595,1399.6699999999998,10,Positive / Unusual,Review Further,Review
15039,-4.640663760638305,1.0909157406853258,1800,1398.37,7,Elastic,Protect Price / Targeted Discount,High
21116,-2.9404260676111704,6.730176638176638,233,1392.89,6,Elastic,Protect Price / Targeted Discount,High
21784,-0.2773379434546666,11.90117667626491,120,1385.76,8,Inelastic,Test Moderate Price Increase,Medium
22433,-3.313881833506449,2.356098389355742,706,1385.48,8,Elastic,Protect Price / Targeted Discount,High
22284,-2.8943148377836447,2.061254094821168,800,1382.58,9,Elastic,Protect Price / Targeted Discount,High
18098C,-1.3345124255089322,3.3828466748768475,487,1378.71,8,Elastic,Protect Price / Targeted Discount,High
22304,2.0251473058897376,2.7084861111111107,700,1378.4,6,Positive / Unusual,Review Further,Review
22544,1.0701150661815797,0.5148235008718879,3303,1375.94,6,Positive / Unusual,Review Further,Review
72807B,-3.113281844323904,5.167424242424243,315,1374.93,8,Elastic,Protect Price / Targeted Discount,High
21272,-3.086852341669128,1.6438788629582266,1054,1374.74,8,Elastic,Protect Price / Targeted Discount,High
84950,1.8057190431434107,1.4131031746031746,1781,1372.81,9,Positive / Unusual,Review Further,Review
21054,3.741721357149565,9.362608695652174,148,1372.78,7,Positive / Unusual,Review Further,Review
21241,-1.946081450836772,0.9545602215766688,1622,1372.04,8,Elastic,Protect Price / Targeted Discount,High
21730,2.3994388239492745,5.309607224958949,287,1368.23,5,Positive / Unusual,Review Further,Review
21703,-0.0194419452853862,0.4920017857142857,3332,1363.36,8,Inelastic,Test Moderate Price Increase,Medium
21432,2.3634904601167843,6.656789002557545,232,1361.71,4,Positive / Unusual,Review Further,Review
21984,0.8858547782698798,0.3704917304917304,4930,1360.62,8,Positive / Unusual,Review Further,Review
22331,-0.8984290744301225,2.017850730097136,778,1357.36,7,Inelastic,Test Moderate Price Increase,Medium
84212,0.1527464171580315,0.9130584795321638,2638,1350.35,4,Positive / Unusual,Review Further,Review
22291,-0.608932636522137,1.8421976446492576,926,1347.56,9,Inelastic,Test Moderate Price Increase,Medium
84849B,-0.9467196417305784,1.9791457680659983,785,1345.82,8,Inelastic,Test Moderate Price Increase,Medium
22525,-2.4508060999466927,1.8652100408863923,863,1345.42,7,Elastic,Protect Price / Targeted Discount,High
84568,-4.10585866787108,0.3928027950310559,6062,1345.22,6,Elastic,Protect Price / Targeted Discount,High
62018,-2.7766852371756787,1.86,926,1335.3000000000002,5,Elastic,Protect Price / Targeted Discount,High
21829,-1.344515334663185,0.2651903654212786,6151,1329.85,11,Elastic,Protect Price / Targeted Discount,High
21207,-2.455937371256368,1.9388148148148148,841,1328.61,6,Elastic,Protect Price / Targeted Discount,High
21486,-3.2001907303524475,3.93699317947838,416,1325.31,4,Elastic,Protect Price / Targeted Discount,High
85040A,-1.63203237917501,2.0089473052969784,779,1322.65,9,Elastic,Protect Price / Targeted Discount,High
21864,-0.1558897834286358,2.652683252209747,556,1321.65,8,Inelastic,Test Moderate Price Increase,Medium
85040B,-1.4802254463927045,1.934343907563025,850,1316.73,5,Elastic,Protect Price / Targeted Discount,High
84509A,-0.1842429077064651,4.720054473304473,326,1315.68,8,Inelastic,Test Moderate Price Increase,Medium
20665,-1.5345416526362183,3.57499555999556,423,1308.17,8,Elastic,Protect Price / Targeted Discount,High
22494,0.5645952937059479,1.512897127213077,1013,1307.23,7,Positive / Unusual,Review Further,Review
21787,-1.2788665751446338,1.1461512526725508,1614,1306.11,4,Elastic,Protect Price / Targeted Discount,High
21068,-0.926963446493804,1.5077047418812124,1163,1303.27,9,Inelastic,Test Moderate Price Increase,Medium
22518,-2.3234251187380863,2.613406811442526,651,1298.47,7,Elastic,Protect Price / Targeted Discount,High
21648,-1.293753199493006,1.8610102040816323,910,1296.38,7,Elastic,Protect Price / Targeted Discount,High
22472,-0.1293829085084944,6.141876190476191,277,1296.3200000000002,5,Inelastic,Test Moderate Price Increase,Medium
22184,-1.901138898693692,11.613290043290045,148,1295.64,8,Elastic,Protect Price / Targeted Discount,High
22107,-0.6563018014673597,5.207630952380953,305,1292.43,9,Inelastic,Test Moderate Price Increase,Medium
22128,0.794457693347228,1.8998071428571428,1041,1290.06,5,Positive / Unusual,Review Further,Review
20658,-0.2618276289206181,1.6737409958462588,931,1285.01,10,Inelastic,Test Moderate Price Increase,Medium
22231,-1.220685561726106,1.86831644236642,861,1282.63,7,Elastic,Protect Price / Targeted Discount,High
22412,-0.2348163631556223,2.7941157824933684,573,1277.86,5,Inelastic,Test Moderate Price Increase,Medium
70006,-1.2182977401792816,2.441572437336326,829,1275.99,9,Elastic,Protect Price / Targeted Discount,High
21837,-1.5592581870453852,7.463347619047619,190,1274.97,5,Elastic,Protect Price / Targeted Discount,High
21811,-0.5051557273317941,1.5748405448717948,988,1269.38,8,Inelastic,Test Moderate Price Increase,Medium
22186,-0.7391124910482301,3.8274802867383513,410,1269.34,6,Inelastic,Test Moderate Price Increase,Medium
22145,-0.9322737612151936,2.645063909774436,595,1265.37,6,Inelastic,Test Moderate Price Increase,Medium
22426,0.2435109867876789,4.801485559741138,313,1264.89,5,Positive / Unusual,Review Further,Review
21246,1.3003405337457812,5.359747474747475,251,1262.0700000000002,6,Positive / Unusual,Review Further,Review
20960,1.146245726186713,1.7540916149068322,951,1260.55,7,Positive / Unusual,Review Further,Review
21628,-1.127859766385089,21.11895833333333,66,1260.38,8,Elastic,Protect Price / Targeted Discount,High
21612,-1.6662036068018558,3.1322714932126696,446,1259.62,5,Elastic,Protect Price / Targeted Discount,High
85060,-1.983740017488263,1.3909333333333334,1046,1257.7,5,Elastic,Protect Price / Targeted Discount,High
84969,-0.9449794864169578,5.091823145989813,269,1257.19,9,Inelastic,Test Moderate Price Increase,Medium
21924,-0.4966849046556379,8.530281565656566,157,1254.3300000000002,4,Inelastic,Test Moderate Price Increase,Medium
21652,1.4684343334683458,2.143357100415924,631,1252.79,6,Positive / Unusual,Review Further,Review
22509,-1.654495019747011,17.11626984126984,76,1250.38,4,Elastic,Protect Price / Targeted Discount,High
84670,0.445664464164915,0.5058703487870154,2972,1247.44,9,Positive / Unusual,Review Further,Review
21688,1.0848844382419087,3.3920826330532217,410,1245.0200000000002,8,Positive / Unusual,Review Further,Review
22292,0.6812355184402321,1.7082954545454545,964,1242.28,6,Positive / Unusual,Review Further,Review
21626,-2.6789359298053887,2.4950490842490844,615,1242.19,10,Elastic,Protect Price / Targeted Discount,High
21820,1.2076612658748278,4.245171428571429,325,1231.98,5,Positive / Unusual,Review Further,Review
21918,-0.2297126125327496,0.5064006418238229,2879,1228.44,6,Inelastic,Test Moderate Price Increase,Medium
21188,-0.2112955918254162,3.73552380952381,409,1224.0700000000002,9,Inelastic,Test Moderate Price Increase,Medium
21557,1.1983915761486796,4.133220834720834,357,1223.35,11,Positive / Unusual,Review Further,Review
21713,-2.1514592681054947,2.468839237788513,643,1213.0200000000002,6,Elastic,Protect Price / Targeted Discount,High
21845,0.6040668789522095,3.538107142857143,324,1210.76,8,Positive / Unusual,Review Further,Review
22377,-2.573577171543292,2.9171300125313286,564,1206.71,6,Elastic,Protect Price / Targeted Discount,High
21988,-7.245879619519617,0.9443870192307692,1696,1204.9299999999998,4,Elastic,Protect Price / Targeted Discount,High
21039,0.191176287465999,2.95875,460,1203.9,8,Positive / Unusual,Review Further,Review
84944,-1.1553842714581746,5.752104166666667,271,1199.25,8,Elastic,Protect Price / Targeted Discount,High
21542,-2.071988806726964,0.9577433823529412,1379,1198.1,8,Elastic,Protect Price / Targeted Discount,High
21743,0.9094060247561084,3.201111111111111,424,1197.6800000000003,6,Positive / Unusual,Review Further,Review
22153,1.857670625549678,0.5443132918552036,2766,1197.41,8,Positive / Unusual,Review Further,Review
84510A,-1.54405892876123,1.6582290186606043,879,1197.09,9,Elastic,Protect Price / Targeted Discount,High
84813,-0.2793161061921331,14.992886904761905,123,1196.82,8,Inelastic,Test Moderate Price Increase,Medium
20716,-1.653430204282223,1.523832556332556,930,1196.46,11,Elastic,Protect Price / Targeted Discount,High
84856L,-0.3834232943186423,8.404077828054298,193,1194.67,10,Inelastic,Test Moderate Price Increase,Medium
22347,-1.189229477570517,1.491942057942058,1030,1191.38,5,Elastic,Protect Price / Targeted Discount,High
20752,1.1221549649772489,2.380746107321185,543,1188.68,9,Positive / Unusual,Review Further,Review
51014A,1.082559824646433,1.1387619047619049,1209,1188.66,6,Positive / Unusual,Review Further,Review
84854,0.922684100379929,6.182421356421357,231,1188.09,7,Positive / Unusual,Review Further,Review
35924,-3.940546976119158,3.0918130282415994,614,1185.6,7,Elastic,Protect Price / Targeted Discount,High
37340,-0.7041338306912142,4.999218253968254,5447,1183.37,9,Inelastic,Test Moderate Price Increase,Medium
22452,-1.997463847795747,3.0837789661319075,420,1178.44,5,Elastic,Protect Price / Targeted Discount,High
21643,-2.1944748735632684,1.8130930481283425,848,1176.4,11,Elastic,Protect Price / Targeted Discount,High
72799F,1.495766351926319,3.936809523809524,672,1171.46,7,Positive / Unusual,Review Further,Review
21126,-0.9146273982688626,1.4001200970746426,920,1168.6,11,Inelastic,Test Moderate Price Increase,Medium
11001,-2.9757838762801283,2.015260281385282,698,1168.26,5,Elastic,Protect Price / Targeted Discount,High
21214,0.3539877320509657,1.9419135135135133,742,1165.4499999999998,5,Positive / Unusual,Review Further,Review
21655,0.5362991973440621,1.963701923076923,707,1165.21,4,Positive / Unusual,Review Further,Review
20983,1.7677133064091155,0.9844724054930576,1310,1158.9,6,Positive / Unusual,Review Further,Review
22312,-4.127358896726053,5.353042865631101,280,1154.8000000000002,10,Elastic,Protect Price / Targeted Discount,High
21191,-2.275888478366349,3.06620794246404,485,1152.16,10,Elastic,Protect Price / Targeted Discount,High
21821,1.9413708743928848,4.961748251748252,290,1151.03,4,Positive / Unusual,Review Further,Review
22437,-3.4917325935379,1.0025869095816464,1334,1148.04,5,Elastic,Protect Price / Targeted Discount,High
22459,-1.4524247485995878,3.152459267399267,434,1142.5,5,Elastic,Protect Price / Targeted Discount,High
22548,-1.6896526624770196,1.4120981658107117,888,1129.08,5,Elastic,Protect Price / Targeted Discount,High
22458,1.080462191909486,3.0817747126436776,431,1125.14,5,Positive / Unusual,Review Further,Review
22270,-0.1956302940444794,4.357166666666666,285,1125.0,5,Inelastic,Test Moderate Price Increase,Medium
21967,-0.148729222259684,0.3894667534381181,3718,1124.2599999999998,9,Inelastic,Test Moderate Price Increase,Medium
21327,-0.1390823018893131,2.039862122252747,614,1124.25,8,Inelastic,Test Moderate Price Increase,Medium
22320,2.097258660502509,6.218451948051948,192,1118.2400000000002,5,Positive / Unusual,Review Further,Review
84828,-0.5567077458888646,1.7637139271030993,845,1117.69,8,Inelastic,Test Moderate Price Increase,Medium
22441,-0.5240843344331672,2.3514845716161505,514,1115.27,4,Inelastic,Test Moderate Price Increase,Medium
21504,-1.7636129055937104,0.4556740084521751,2761,1113.74,11,Elastic,Protect Price / Targeted Discount,High
22519,-3.412155425470736,2.528835663627153,579,1113.51,5,Elastic,Protect Price / Targeted Discount,High
21718,-2.090317810559108,1.825156325156325,829,1112.45,7,Elastic,Protect Price / Targeted Discount,High
21470,-2.762363218407796,4.369188186813187,278,1112.16,7,Elastic,Protect Price / Targeted Discount,High
47480,2.6529148156556213,2.15095,700,1110.83,10,Positive / Unusual,Review Further,Review
22332,0.1205071867521201,1.7745472727272726,682,1107.53,5,Positive / Unusual,Review Further,Review
22085,-1.8001214309246365,3.3412222222222225,370,1105.96,6,Elastic,Protect Price / Targeted Discount,High
21529,-2.668746615081195,4.21086155674391,314,1098.81,6,Elastic,Protect Price / Targeted Discount,High
82578,-2.377077963888887,0.6931280533678562,1972,1095.0600000000002,9,Elastic,Protect Price / Targeted Discount,High
21421,-0.0654385244255265,1.678626488095238,890,1092.8,8,Inelastic,Test Moderate Price Increase,Medium
22081,-1.534438361997403,2.157588159843061,617,1091.35,9,Elastic,Protect Price / Targeted Discount,High
22449,-2.3500038290129703,3.8592518070165127,313,1089.59,5,Elastic,Protect Price / Targeted Discount,High
21983,-0.6431353791346877,0.3804945867455458,3778,1087.84,12,Inelastic,Test Moderate Price Increase,Medium
22398,-1.266784044686889,1.37039066399287,861,1087.83,6,Elastic,Protect Price / Targeted Discount,High
22223,-1.086099070543986,6.254168430335097,191,1084.11,9,Elastic,Protect Price / Targeted Discount,High
22536,1.718224640924139,0.46111445432874,2619,1081.21,6,Positive / Unusual,Review Further,Review
37500,1.6530173773552748,11.425076923076922,104,1079.92,5,Positive / Unusual,Review Further,Review
22443,-0.8395870112354142,9.033227272727274,129,1075.17,4,Inelastic,Test Moderate Price Increase,Medium
84510B,-1.932153825780921,1.552602564102564,880,1066.24,4,Elastic,Protect Price / Targeted Discount,High
20961,0.2010368003310512,1.61717501734236,812,1062.8,7,Positive / Unusual,Review Further,Review
21932,-0.5372466396986426,3.300853567937439,358,1062.74,5,Inelastic,Test Moderate Price Increase,Medium
37446,-0.788378188509305,1.924445652173913,742,1060.22,4,Inelastic,Test Moderate Price Increase,Medium
21987,3.0927104172297275,0.6964477310924371,1723,1056.33,5,Positive / Unusual,Review Further,Review
22129,0.7783033265420018,1.3885,1018,1053.34,5,Positive / Unusual,Review Further,Review
84562A,-0.0389422304098576,9.69440827922078,128,1053.33,8,Inelastic,Test Moderate Price Increase,Medium
22037,-1.3676601731926272,0.5414042392566782,2433,1050.6,10,Elastic,Protect Price / Targeted Discount,High
85178,-0.9970642719070554,1.4007435897435896,921,1049.91,6,Inelastic,Test Moderate Price Increase,Medium
21866,0.5585784802529289,1.5426199872286075,687,1049.74,6,Positive / Unusual,Review Further,Review
22611,-1.0625369344630506,6.528445512820513,212,1041.9,4,Elastic,Protect Price / Targeted Discount,High
21278,-0.0531596414065353,3.351089225589225,1453,1040.53,9,Inelastic,Test Moderate Price Increase,Medium
21826,1.7883507905024476,1.405126312141018,791,1038.37,9,Positive / Unusual,Review Further,Review
85049F,-0.925942200922116,1.3493308270676692,818,1037.62,7,Inelastic,Test Moderate Price Increase,Medium
22445,-0.28352076641499,3.5064284382284385,335,1033.21,5,Inelastic,Test Moderate Price Increase,Medium
21224,-0.4255449810816543,1.3828117042271453,799,1031.49,8,Inelastic,Test Moderate Price Increase,Medium
21794,-1.3689957302199294,8.262271825396825,142,1027.54,8,Elastic,Protect Price / Targeted Discount,High
22531,-1.804691301699984,0.4754961538461538,2074,1027.52,5,Elastic,Protect Price / Targeted Discount,High
21082,-1.3867219507214248,1.0803241758241755,3694,1024.55,8,Elastic,Protect Price / Targeted Discount,High
22626,-2.209185767314384,9.330864661654136,114,1019.88,4,Elastic,Protect Price / Targeted Discount,High
21109,-0.1809802285291835,7.558521825396825,144,1019.74,8,Inelastic,Test Moderate Price Increase,Medium
21192,-0.0001047969510411,2.1957279411764703,552,1019.06,8,Inelastic,Test Moderate Price Increase,Medium
21683,-2.9868089129903104,3.3979259259259265,366,1017.7000000000002,6,Elastic,Protect Price / Targeted Discount,High
21466,1.963919903653415,3.8883741660915576,267,1015.8,6,Positive / Unusual,Review Further,Review
21096,-1.9515986298783896,1.037875,7113,1014.87,4,Elastic,Protect Price / Targeted Discount,High
21547,1.5313449522002025,3.6102577044463007,371,1012.05,9,Positive / Unusual,Review Further,Review
21662,1.2522670672327991,6.936852380952381,156,1011.0,10,Positive / Unusual,Review Further,Review
22028,1.6683484827464317,0.5245055709633004,2435,1008.37,9,Positive / Unusual,Review Further,Review
79323B,0.4504286765350145,7.037009157509158,160,1007.8,5,Positive / Unusual,Review Further,Review
21679,-0.2016943830249996,0.9716468253968256,1158,1005.42,7,Inelastic,Test Moderate Price Increase,Medium
20886,0.3864678309783595,2.508655388471178,499,999.85,6,Positive / Unusual,Review Further,Review
84509B,-0.9057852322099004,4.781919191919192,255,999.12,9,Inelastic,Test Moderate Price Increase,Medium
21356,-0.9149969243999656,1.6326868058412174,725,990.91,10,Inelastic,Test Moderate Price Increase,Medium
20798,-2.742155782008669,3.027316578483245,428,988.03,9,Elastic,Protect Price / Targeted Discount,High
21901,-0.352558593101295,0.7849685685935687,1462,985.65,6,Inelastic,Test Moderate Price Increase,Medium
21519,-2.7853265086372536,0.4855155985201098,2368,985.23,7,Elastic,Protect Price / Targeted Discount,High
22310,-0.5058242835269798,2.421853548133153,547,983.38,8,Inelastic,Test Moderate Price Increase,Medium
22253,-3.326267737888191,1.3313630952380953,830,981.54,4,Elastic,Protect Price / Targeted Discount,High
20671,-0.8489198417456243,1.5178733507322024,746,975.52,11,Inelastic,Test Moderate Price Increase,Medium
21281,-0.5405867660267538,3.5037055555555554,1851,973.56,10,Inelastic,Test Moderate Price Increase,Medium
22162,1.06479908408201,3.5837444444444446,314,970.11,6,Positive / Unusual,Review Further,Review
22323,1.3373538315005895,2.9258076923076923,415,969.59,8,Positive / Unusual,Review Further,Review
22155,-0.865687812629988,0.6298247466216216,2184,968.88,6,Inelastic,Test Moderate Price Increase,Medium
21896,-2.2476462779027098,2.674243336728631,447,967.17,7,Elastic,Protect Price / Targeted Discount,High
22154,-0.6360058386253262,0.6550735171261486,2270,965.77,5,Inelastic,Test Moderate Price Increase,Medium
22405,-2.714970940981759,1.3698570143306985,754,960.38,7,Elastic,Protect Price / Targeted Discount,High
90167,-0.2766052321436857,1.0831513278388278,1180,959.71,8,Inelastic,Test Moderate Price Increase,Medium
21125,0.4290164798273113,1.3757166666666667,759,959.55,10,Positive / Unusual,Review Further,Review
21408,-1.0952802145153078,6.066040564373898,184,955.46,9,Elastic,Protect Price / Targeted Discount,High
22372,-1.026181604499708,5.69711038961039,186,955.41,6,Elastic,Protect Price / Targeted Discount,High
21645,2.0609552532647664,1.7867060439560438,567,952.65,8,Positive / Unusual,Review Further,Review
22309,-1.5651409759560084,3.340920426065163,375,951.5,7,Elastic,Protect Price / Targeted Discount,High
21823,1.1748751962756687,1.6841142857142857,643,949.18,5,Positive / Unusual,Review Further,Review
21355,1.879468959693447,1.4637873064435565,741,948.03,8,Positive / Unusual,Review Further,Review
22454,3.621273007908034,3.1543208643208644,329,945.8300000000002,4,Positive / Unusual,Review Further,Review
21653,-1.3850883702811514,2.14691265597148,455,940.83,5,Elastic,Protect Price / Targeted Discount,High
22035,-2.6655151949640468,0.5449824859518021,2237,940.62,10,Elastic,Protect Price / Targeted Discount,High
22068,-1.1779542729411565,2.090571248196248,474,935.43,11,Elastic,Protect Price / Targeted Discount,High
21506,4.401243127122766,0.4552099758108657,2313,933.98,5,Positive / Unusual,Review Further,Review
22176,1.844473359617868,3.335129140140905,288,929.52,7,Positive / Unusual,Review Further,Review
21696,-2.297910997438454,3.27536507936508,309,929.31,7,Elastic,Protect Price / Targeted Discount,High
21990,-2.3754210807771634,3.16630291005291,433,927.3,7,Elastic,Protect Price / Targeted Discount,High
22610,0.0222808139936805,1.1336203703703702,1046,925.1,6,Positive / Unusual,Review Further,Review
21280,-1.9303059537620328,3.193479166666666,1644,924.83,8,Elastic,Protect Price / Targeted Discount,High
21947,-2.18390804474489,1.781730837789661,688,918.44,9,Elastic,Protect Price / Targeted Discount,High
21410,-2.125605787542114,5.784483838383839,191,917.87,10,Elastic,Protect Price / Targeted Discount,High
48195,-0.0527912585140057,9.168644568938689,117,917.01,6,Inelastic,Test Moderate Price Increase,Medium
21541,0.1907260609938618,0.9872584415584414,1051,916.09,7,Positive / Unusual,Review Further,Review
22559,2.7209816635388537,1.498526618083004,713,916.03,8,Positive / Unusual,Review Further,Review
21469,1.1562471061885529,4.246083333333334,300,915.96,6,Positive / Unusual,Review Further,Review
21680,-2.701094358802432,1.1278921078921078,996,914.64,9,Elastic,Protect Price / Targeted Discount,High
21651,-1.3607713211897834,1.888142726321297,548,912.03,7,Elastic,Protect Price / Targeted Discount,High
21556,1.9704934912444063,3.4779972040135703,330,911.71,6,Positive / Unusual,Review Further,Review
22450,-3.8589109575809744,3.573114285714285,268,911.48,5,Elastic,Protect Price / Targeted Discount,High
20684,-1.992370886713776,3.885797619047618,281,908.93,8,Elastic,Protect Price / Targeted Discount,High
21610,-1.3816081104410156,3.0904658833230263,321,907.8300000000002,7,Elastic,Protect Price / Targeted Discount,High
21262,2.2048576111756235,5.222314814814815,244,906.5500000000002,4,Positive / Unusual,Review Further,Review
21157,0.0524370246672237,2.9327100377692483,387,905.81,10,Positive / Unusual,Review Further,Review
17129F,-2.0734236231845564,1.476,786,905.79,9,Elastic,Protect Price / Targeted Discount,High
21865,-4.47005908731634,2.5459734976116053,390,905.73,9,Elastic,Protect Price / Targeted Discount,High
22483,2.1620294294036704,3.561623376623377,307,903.49,4,Positive / Unusual,Review Further,Review
22660,-3.530927830866253,9.23225,117,901.91,4,Elastic,Protect Price / Targeted Discount,High
21055,0.6338902193506237,10.078023809523808,89,900.94,6,Positive / Unusual,Review Further,Review
21786,-0.8720796775826322,0.6026290970286069,2354,899.75,6,Inelastic,Test Moderate Price Increase,Medium
21789,-3.855293819574465,0.9381186974789916,1103,897.7699999999999,8,Elastic,Protect Price / Targeted Discount,High
20990,2.74467493998104,2.0747569444444443,484,897.3599999999999,4,Positive / Unusual,Review Further,Review
22071,3.00159794256147,3.9760714285714287,243,896.94,4,Positive / Unusual,Review Further,Review
22342,0.1754120377675868,2.330298174048174,515,895.9200000000001,9,Positive / Unusual,Review Further,Review
84990,1.965062512922439,0.6358688148943789,1786,895.3799999999999,7,Positive / Unusual,Review Further,Review
22428,0.3408634971604397,7.903700000000001,121,893.3100000000001,5,Positive / Unusual,Review Further,Review
17091J,-1.4147610041342058,1.0275813710099424,1279,886.67,7,Elastic,Protect Price / Targeted Discount,High
85199S,-0.2438963050498798,0.5978991871502068,1931,885.5600000000001,9,Inelastic,Test Moderate Price Increase,Medium
22183,0.6757240644467307,7.818082010582011,140,879.64,9,Positive / Unusual,Review Further,Review
72799E,-2.0123255532160047,3.0090833333333333,433,879.28,6,Elastic,Protect Price / Targeted Discount,High
37501,3.252692417256347,7.662380952380952,122,877.8199999999999,6,Positive / Unusual,Review Further,Review
84676,-0.2810018332153138,3.138397727272728,328,876.24,4,Inelastic,Test Moderate Price Increase,Medium
85110,-0.2850504400621851,0.7138,10282,874.4200000000001,5,Inelastic,Test Moderate Price Increase,Medium
22533,0.3184006406781137,0.4962111111111111,2115,874.4200000000001,7,Positive / Unusual,Review Further,Review
21993,-3.165222051104721,3.2055570063150705,346,872.44,6,Elastic,Protect Price / Targeted Discount,High
21111,-0.3539084729677184,3.995350762527233,264,870.5600000000001,9,Inelastic,Test Moderate Price Increase,Medium
20846,-2.3144842767405964,1.588772727272727,618,868.26,11,Elastic,Protect Price / Targeted Discount,High
21171,1.823759243059772,1.7417014808926572,624,866.79,6,Positive / Unusual,Review Further,Review
21910,0.8474274528265201,1.832380952380952,746,866.76,7,Positive / Unusual,Review Further,Review
22321,0.4246102136302044,1.193088474025974,925,864.01,8,Positive / Unusual,Review Further,Review
21692,-0.1998821325342944,4.021404125286479,224,862.16,7,Inelastic,Test Moderate Price Increase,Medium
85221,2.135612770932683,0.9302232142857144,1732,860.0,4,Positive / Unusual,Review Further,Review
21397,-0.1850636716056299,1.903707671957672,619,858.22,9,Inelastic,Test Moderate Price Increase,Medium
21677,0.0565405710942901,1.0063142857142855,972,853.8599999999999,10,Positive / Unusual,Review Further,Review
84750A,-1.2203315702656783,3.1157089117778773,416,853.04,5,Elastic,Protect Price / Targeted Discount,High
21741,-2.5387554538938515,4.526611111111111,253,852.9100000000001,8,Elastic,Protect Price / Targeted Discount,High
22117,0.4592946898561705,3.254772758106092,284,852.44,9,Positive / Unusual,Review Further,Review
22515,-1.028972189397214,2.6084497799119646,446,851.8800000000001,7,Elastic,Protect Price / Targeted Discount,High
84840,2.3497867109591346,10.856911764705885,96,851.6,4,Positive / Unusual,Review Further,Review
21693,-2.104853625223001,3.471628205128205,278,847.3000000000002,8,Elastic,Protect Price / Targeted Discount,High
22651,3.988375670425396,1.1548727106227106,967,846.88,4,Positive / Unusual,Review Further,Review
47504K,-2.1558621177420108,2.7573394213629507,535,844.4499999999999,10,Elastic,Protect Price / Targeted Discount,High
21058,-1.6943902868553422,1.0273671644145328,955,841.0,10,Elastic,Protect Price / Targeted Discount,High
21123,-1.816109528577292,1.419342857142857,670,839.72,5,Elastic,Protect Price / Targeted Discount,High
22208,-0.467443676936189,2.015780844155844,485,839.58,8,Inelastic,Test Moderate Price Increase,Medium
21913,-1.2325972471168414,4.751327759197324,210,839.34,5,Elastic,Protect Price / Targeted Discount,High
85048,-4.562364755623049,10.175478260869564,96,838.5300000000001,5,Elastic,Protect Price / Targeted Discount,High
21364,-2.574717819142348,8.265555555555554,117,837.49,5,Elastic,Protect Price / Targeted Discount,High
22272,-5.217712636859598,3.293507108646428,279,836.4100000000001,6,Elastic,Protect Price / Targeted Discount,High
22514,1.3277675518635594,2.2324504504504503,450,832.57,5,Positive / Unusual,Review Further,Review
21675,2.4530682040847283,1.005527045829987,953,830.8499999999999,10,Positive / Unusual,Review Further,Review
21656,-0.7957157906151622,2.051932098765432,556,828.38,9,Inelastic,Test Moderate Price Increase,Medium
21813,-2.09968384722484,7.600153846153846,136,824.5800000000002,5,Elastic,Protect Price / Targeted Discount,High
85103,-0.2780414732485797,8.573888888888888,114,822.58,8,Inelastic,Test Moderate Price Increase,Medium
21206,0.7172192526929164,1.860788961038961,474,821.4300000000001,8,Positive / Unusual,Review Further,Review
84580,-3.949512000738268,3.854612762923351,215,818.76,5,Elastic,Protect Price / Targeted Discount,High
85224,-1.764438449080184,1.7196825396825397,1426,816.61,9,Elastic,Protect Price / Targeted Discount,High
22152,-0.7311986442162837,0.6484780903665813,1983,816.18,5,Inelastic,Test Moderate Price Increase,Medium
84031B,3.0502495902989963,4.9499365942028986,200,816.1,6,Positive / Unusual,Review Further,Review
21335,-1.342706302310561,26.980933333333333,34,814.02,5,Elastic,Protect Price / Targeted Discount,High
22277,-1.1706827395132098,2.581029761904762,372,812.85,7,Elastic,Protect Price / Targeted Discount,High
21203,-2.785035278110134,2.1642941176470587,453,800.64,4,Elastic,Protect Price / Targeted Discount,High
22362,-0.1004236454707504,3.434625068418172,249,799.6700000000001,8,Inelastic,Test Moderate Price Increase,Medium
22535,-2.428498741622172,0.4709239653187022,1877,798.66,7,Elastic,Protect Price / Targeted Discount,High
21810,-1.1210818390959194,1.7675841995841997,619,795.53,5,Elastic,Protect Price / Targeted Discount,High
22537,0.6416753433886929,0.4797629381769166,1850,792.91,6,Positive / Unusual,Review Further,Review
84029G,-4.166219683798566,4.638635714285714,202,789.1800000000001,5,Elastic,Protect Price / Targeted Discount,High
21897,1.3951184945215729,3.048887218045113,264,788.24,5,Positive / Unusual,Review Further,Review
21482,0.4778457704769309,3.894444444444445,255,788.1700000000001,6,Positive / Unusual,Review Further,Review
84596B,-0.031127435224082,1.439321030942741,627,787.19,8,Inelastic,Test Moderate Price Increase,Medium
20963,-0.0553465291055872,1.686714331723027,599,786.49,5,Inelastic,Test Moderate Price Increase,Medium
22166,-0.2975642963598296,13.544121794871794,69,785.86,8,Inelastic,Test Moderate Price Increase,Medium
22024,0.5407555380383842,0.5330289249335812,1868,783.85,8,Positive / Unusual,Review Further,Review
20956,-0.5735853176973099,1.891546703296703,534,778.4999999999999,8,Inelastic,Test Moderate Price Increase,Medium
21640,-1.1478445946108755,1.0512699175824176,852,778.47,8,Elastic,Protect Price / Targeted Discount,High
85164B,-3.1748293099562224,16.47172698412698,57,777.61,5,Elastic,Protect Price / Targeted Discount,High
20892,1.495290565188847,15.579666666666665,59,777.1899999999999,10,Positive / Unusual,Review Further,Review
21788,-1.887397280554694,0.8858214285714286,934,767.53,7,Elastic,Protect Price / Targeted Discount,High
37343,-3.429239601991408,2.129369666048237,489,767.02,7,Elastic,Protect Price / Targeted Discount,High
22069,0.813731711267001,2.580528758641504,335,766.39,9,Positive / Unusual,Review Further,Review
21830,0.2883966828963402,0.4462807017543859,1829,766.01,5,Positive / Unusual,Review Further,Review
22524,2.082103630194196,1.679459639126306,480,765.64,6,Positive / Unusual,Review Further,Review
85121B,2.339001566944892,11.16062470862471,72,764.64,5,Positive / Unusual,Review Further,Review
22086,-1.9494986008607795,4.099384615384616,254,764.63,4,Elastic,Protect Price / Targeted Discount,High
22095,0.0897169922397417,1.5727443609022556,626,763.06,7,Positive / Unusual,Review Further,Review
40001,1.575562418069333,1.0885416666666663,1005,762.9,8,Positive / Unusual,Review Further,Review
22325,-1.087266786837506,6.335761183261183,151,762.29,6,Elastic,Protect Price / Targeted Discount,High
22478,-0.6822422959662676,1.6462341430499323,572,760.36,6,Inelastic,Test Moderate Price Increase,Medium
21279,-2.2719205581496515,3.598409611992945,1743,758.8199999999999,9,Elastic,Protect Price / Targeted Discount,High
22496,0.8209761607503595,3.3115584415584416,236,758.5200000000001,6,Positive / Unusual,Review Further,Review
21422,0.1985397764671143,0.993659491742825,867,758.26,9,Positive / Unusual,Review Further,Review
51014L,-0.9350967568960192,0.9639484126984126,885,758.16,9,Inelastic,Test Moderate Price Increase,Medium
85232D,2.2921922435292585,6.371405594405594,134,757.26,6,Positive / Unusual,Review Further,Review
22262,-1.7536480170314934,1.2293168955036158,789,756.59,8,Elastic,Protect Price / Targeted Discount,High
21706,-2.5976300499405545,6.282635294117647,140,750.4200000000001,5,Elastic,Protect Price / Targeted Discount,High
21462,3.572815751380482,7.396571428571429,104,749.74,7,Positive / Unusual,Review Further,Review
22614,-0.1004938582759473,0.392923569023569,2067,747.0899999999999,6,Inelastic,Test Moderate Price Increase,Medium
82567,0.2521043896381899,2.53773642807872,339,746.1700000000001,9,Positive / Unusual,Review Further,Review
22076,1.3264660550914773,1.9820856426182512,431,745.48,7,Positive / Unusual,Review Further,Review
84598,-3.1439339229050485,0.3786,3634,744.7,5,Elastic,Protect Price / Targeted Discount,High
21288,-1.5727192476307978,3.58301528442318,281,742.8800000000001,8,Elastic,Protect Price / Targeted Discount,High
21540,0.3684107621246829,4.9521646052360335,159,742.15,7,Positive / Unusual,Review Further,Review
84796A,-2.719890599043735,10.944143790849672,77,741.6700000000001,6,Elastic,Protect Price / Targeted Discount,High
21328,-2.637176818544292,2.2701230769230767,358,737.76,5,Elastic,Protect Price / Targeted Discount,High
35832,-2.881278861912292,5.783142857142858,237,737.46,5,Elastic,Protect Price / Targeted Discount,High
22475,-2.34279452251075,6.683966269841269,123,737.26,5,Elastic,Protect Price / Targeted Discount,High
22315,-0.5302381753962173,1.4752176789376037,564,737.04,7,Inelastic,Test Moderate Price Increase,Medium
22065,-2.483652803847974,2.7021979166666665,467,736.38,4,Elastic,Protect Price / Targeted Discount,High
21392,-0.2131012881205338,2.6392777777777776,3760,734.7800000000001,9,Inelastic,Test Moderate Price Increase,Medium
85049D,2.6549059243115,1.3471078369905956,578,732.5799999999999,5,Positive / Unusual,Review Further,Review
21795,4.411091602632954,12.9775,56,726.74,4,Positive / Unusual,Review Further,Review
21190,0.6001888975380026,2.0603406872630474,412,725.97,7,Positive / Unusual,Review Further,Review
21809,0.9956225898645196,1.8008142857142857,563,723.0099999999999,5,Positive / Unusual,Review Further,Review
21744,1.0620133913421492,3.375361003861004,229,722.9000000000001,4,Positive / Unusual,Review Further,Review
84761,0.3658483400666326,3.0079523809523807,259,722.88,9,Positive / Unusual,Review Further,Review
35962,1.5382749687121609,2.865073622030144,316,720.7500000000001,5,Positive / Unusual,Review Further,Review
85054,-1.2723665609483028,3.6860063492063495,219,720.0500000000001,10,Elastic,Protect Price / Targeted Discount,High
21836,1.0760449308671909,4.519857031857033,176,718.0500000000001,9,Positive / Unusual,Review Further,Review
84678,-0.9055876859933282,2.940915873015873,344,717.0600000000001,10,Inelastic,Test Moderate Price Increase,Medium
22719,-2.515074502091078,1.7757781713900134,545,716.53,6,Elastic,Protect Price / Targeted Discount,High
21424,-0.3372602156810844,4.402259259259259,206,716.46,9,Inelastic,Test Moderate Price Increase,Medium
21629,0.2452901812312229,11.754086734693876,58,716.43,7,Positive / Unusual,Review Further,Review
21661,1.2154107709830335,6.649082251082251,114,713.9200000000001,7,Positive / Unusual,Review Further,Review
21291,-2.3623276460860083,0.9621548619447778,834,713.64,7,Elastic,Protect Price / Targeted Discount,High
21431,-2.6006078251460445,1.9711037198096024,414,712.24,5,Elastic,Protect Price / Targeted Discount,High
21145,-1.6046581442340224,4.724097222222222,537,709.79,6,Elastic,Protect Price / Targeted Discount,High
21642,-4.052695175196899,1.0837187499999998,805,708.55,8,Elastic,Protect Price / Targeted Discount,High
21695,-0.8708391702908622,3.963481481481482,221,707.47,9,Inelastic,Test Moderate Price Increase,Medium
35637A,-0.4501616632477732,10.875238095238094,264,705.86,7,Inelastic,Test Moderate Price Increase,Medium
21902,-2.330348588181335,0.7396299737843856,1067,704.66,6,Elastic,Protect Price / Targeted Discount,High
16237,-0.6661155023995132,0.2930919586626823,3191,704.43,8,Inelastic,Test Moderate Price Increase,Medium
15044B,-2.042980773408533,4.005238095238096,232,696.2400000000001,7,Elastic,Protect Price / Targeted Discount,High
21398,-1.2316920714377528,2.685378571428571,325,695.7,10,Elastic,Protect Price / Targeted Discount,High
21439,0.3320023231559051,1.5427142857142857,537,693.93,7,Positive / Unusual,Review Further,Review
21972,-0.0473349942049596,1.6490961538461535,471,692.9799999999999,6,Inelastic,Test Moderate Price Increase,Medium
22246,-1.036683617050302,2.9126993464052284,318,691.16,6,Elastic,Protect Price / Targeted Discount,High
84559B,0.4762886569210197,1.0492680725752823,778,690.6999999999999,11,Positive / Unusual,Review Further,Review
85184C,-1.0448286727523453,3.4327843137254903,228,688.9200000000001,8,Elastic,Protect Price / Targeted Discount,High
84535B,-2.4619696541903666,0.8251666666666667,992,686.8000000000001,10,Elastic,Protect Price / Targeted Discount,High
22410,0.8314703980418712,1.4208619421906694,539,686.35,4,Positive / Unusual,Review Further,Review
72802B,-0.1115413192705963,4.648772893772894,156,685.14,4,Inelastic,Test Moderate Price Increase,Medium
22132,-1.7912888075816145,1.188885285015736,750,683.79,7,Elastic,Protect Price / Targeted Discount,High
22136,-1.1553775663692671,2.34940991851286,388,679.14,6,Elastic,Protect Price / Targeted Discount,High
21545,-0.2438093494101694,3.343039682539682,270,678.5800000000002,4,Inelastic,Test Moderate Price Increase,Medium
22376,-1.193166518235422,5.706769230769231,127,676.5899999999999,5,Elastic,Protect Price / Targeted Discount,High
84750B,-1.9960575669988847,2.6715214045214046,328,675.64,9,Elastic,Protect Price / Targeted Discount,High
21613,0.4626652361807372,3.0764957264957267,226,675.58,7,Positive / Unusual,Review Further,Review
21637,-2.699511253809001,1.895,510,672.78,7,Elastic,Protect Price / Targeted Discount,High
21773,0.0836528425395187,2.0699997704315884,419,672.26,11,Positive / Unusual,Review Further,Review
85059,-0.671447742110233,4.292849206349207,176,671.5600000000001,8,Inelastic,Test Moderate Price Increase,Medium
84685,-3.4182410658886537,6.045268518518519,155,671.53,9,Elastic,Protect Price / Targeted Discount,Review
21195,-0.0175311722868407,3.121224542124542,239,670.7,10,Inelastic,Test Moderate Price Increase,Medium
21869,-4.641061126440256,1.6258365917236886,566,670.24,4,Elastic,Protect Price / Targeted Discount,Review
22133,-2.657534499523486,1.2586882568491824,720,668.37,8,Elastic,Protect Price / Targeted Discount,Review
22025,-1.7869269392923202,0.5381005202958377,1591,668.07,10,Elastic,Protect Price / Targeted Discount,Review
21251,-1.5403019083036835,3.8375036075036073,210,664.46,7,Elastic,Protect Price / Targeted Discount,Review
22314,-2.3550275499398894,5.4430000000000005,143,658.4100000000001,5,Elastic,Protect Price / Targeted Discount,Review
84763,2.228569228999956,1.4390714285714286,523,654.4100000000001,7,Positive / Unusual,Review Further,Review
20764,-1.756257307807278,3.9690959183673473,206,654.0500000000001,7,Elastic,Protect Price / Targeted Discount,Review
84912A,-0.8974439816713308,4.163728036669213,177,652.09,7,Inelastic,Test Moderate Price Increase,Medium
85167B,-2.617996707100333,4.035277777777778,383,650.41,6,Elastic,Protect Price / Targeted Discount,Review
21357,1.076843030531946,1.5080303030303028,506,650.38,6,Positive / Unusual,Review Further,Review
22317,-1.4466202927541365,4.012533333333334,203,649.73,10,Elastic,Protect Price / Targeted Discount,Review
85165,-0.3498167621951801,11.840252100840337,66,649.72,5,Inelastic,Test Moderate Price Increase,Medium
21287,-3.3842452713732616,1.3152777777777775,1258,649.28,9,Elastic,Protect Price / Targeted Discount,Review
85098B,0.4873771242831307,4.283833333333334,182,648.12,5,Positive / Unusual,Review Further,Review
22023,0.522557654215914,0.5037832988267771,1611,647.19,6,Positive / Unusual,Review Further,Review
82607A,0.6814955025001288,1.7442002976190476,464,647.01,8,Positive / Unusual,Review Further,Review
21689,1.3819812553933135,4.363333333333333,180,647.0,4,Positive / Unusual,Review Further,Review
85173,-2.4773038909949485,3.0387275132275127,375,645.9,9,Elastic,Protect Price / Targeted Discount,Review
85035A,-2.939578819509368,5.201124338624338,147,645.8299999999999,6,Elastic,Protect Price / Targeted Discount,Review
21389,1.3716155311867388,1.0958928571428572,726,643.02,10,Positive / Unusual,Review Further,Review
21812,1.7181481463101886,6.75569387755102,116,642.06,7,Positive / Unusual,Review Further,Review
22609,-0.0983295328330637,1.16725,741,642.0,6,Inelastic,Test Moderate Price Increase,Medium
21894,-2.8221078289964123,1.5462003367003367,488,638.86,9,Elastic,Protect Price / Targeted Discount,Review
84849D,2.984100172046065,1.9008386363636365,379,635.84,5,Positive / Unusual,Review Further,Review
22359,-2.5746173009107927,3.895746031746032,197,634.2700000000001,6,Elastic,Protect Price / Targeted Discount,Review
22500,-0.5400376614612572,5.621464285714286,120,632.12,4,Inelastic,Test Moderate Price Increase,Medium
21255,2.4974041978078465,2.1085535714285712,352,631.26,4,Positive / Unusual,Review Further,Review
21846,-2.5393018507484744,4.149635627530364,190,628.24,5,Elastic,Protect Price / Targeted Discount,Review
22194,1.3027978302456913,10.118872727272729,67,628.01,5,Positive / Unusual,Review Further,Review
20840,-1.9588933669170447,5.401666666666667,296,627.9399999999999,4,Elastic,Protect Price / Targeted Discount,Review
40018F,3.846000259258684,2.295590909090909,318,626.42,4,Positive / Unusual,Review Further,Review
85107,0.8867795865698053,3.0883333333333334,271,626.19,7,Positive / Unusual,Review Further,Review
72800B,-0.2270741740000331,3.135142857142857,456,626.11,7,Inelastic,Test Moderate Price Increase,Medium
21445,2.1719810177975654,1.5464443889443888,471,625.77,6,Positive / Unusual,Review Further,Review
51014C,-0.3229543631480671,0.9933324175824176,723,620.46,6,Inelastic,Test Moderate Price Increase,Medium
15058C,1.4227830067554603,11.82593137254902,102,618.6,4,Positive / Unusual,Review Further,Review
10133,0.8979180524667913,0.9614940476190476,724,615.17,10,Positive / Unusual,Review Further,Review
20668,0.1767532354293162,0.1648691677175283,5074,614.29,4,Positive / Unusual,Review Further,Review
21283,0.8218374604379922,3.653925925925926,188,613.72,6,Positive / Unusual,Review Further,Review
22439,-1.4096129941272226,0.6735918784029038,935,612.42,4,Elastic,Protect Price / Targeted Discount,Review
85006,1.2980786688994663,2.805,1495,611.6099999999999,4,Positive / Unusual,Review Further,Review
22448,2.9440054120608243,3.5552,178,609.98,5,Positive / Unusual,Review Further,Review
84507B,-0.1568226528169195,3.1037113095238094,364,609.9399999999999,8,Inelastic,Test Moderate Price Increase,Medium
72349B,-2.5733855354295145,2.5776373737373737,299,609.6400000000001,5,Elastic,Protect Price / Targeted Discount,Review
21064,-2.240037690067805,6.603148148148148,115,608.65,9,Elastic,Protect Price / Targeted Discount,Review
85160A,-1.2378730879669022,4.83,4345,607.73,4,Elastic,Protect Price / Targeted Discount,Review
84791,-1.6219728719482105,3.770539215686275,187,607.1700000000001,4,Elastic,Protect Price / Targeted Discount,Review
21644,1.85093296710419,1.5323068181818182,418,606.92,6,Positive / Unusual,Review Further,Review
22094,-2.304926578482168,1.781945570054945,442,605.66,8,Elastic,Protect Price / Targeted Discount,Review
22613,-5.327273218732309,0.988444099378882,718,602.31,5,Elastic,Protect Price / Targeted Discount,Review
22495,-0.5265422417928963,3.611538461538461,196,602.2800000000001,5,Inelastic,Test Moderate Price Increase,Medium
20992,1.368479155558635,0.92540991902834,695,601.28,9,Positive / Unusual,Review Further,Review
22539,0.5040872191622773,0.5618365591397849,1413,600.99,5,Positive / Unusual,Review Further,Review
85194L,-0.7759396200176485,1.140032679738562,684,595.0799999999999,6,Inelastic,Test Moderate Price Increase,Medium
21548,0.4196986824241651,3.5125152625152625,183,593.69,7,Positive / Unusual,Review Further,Review
22586,0.9401547363168216,0.9690402979373568,683,592.6999999999999,7,Positive / Unusual,Review Further,Review
21329,0.3664164286479232,2.0272540792540794,334,592.14,6,Positive / Unusual,Review Further,Review
22438,1.7873813887960337,2.142464646464646,304,589.1,6,Positive / Unusual,Review Further,Review
21580,-0.7684948853922535,2.9134212962962964,236,586.9,8,Inelastic,Test Moderate Price Increase,Medium
84519B,-1.6020785738771437,3.696485260770975,206,586.74,7,Elastic,Protect Price / Targeted Discount,Review
21916,0.0058599597241865,0.5037219909502262,1379,586.5,5,Positive / Unusual,Review Further,Review
21633,-1.0236274770522906,16.69333333333333,41,586.45,7,Elastic,Protect Price / Targeted Discount,Review
22228,1.050269609415735,1.128395935960591,626,584.75,8,Positive / Unusual,Review Further,Review
21948,-1.868892589516795,1.809972222222222,440,583.9,9,Elastic,Protect Price / Targeted Discount,Review
22513,-2.174103291854609,4.56597619047619,144,582.57,6,Elastic,Protect Price / Targeted Discount,Review
85232A,-2.2064227628088804,5.518846153846154,111,580.77,6,Elastic,Protect Price / Targeted Discount,Review
22477,-2.944585742581256,1.7096060606060606,443,578.31,4,Elastic,Protect Price / Targeted Discount,Review
22546,-3.68135683937112,0.54838080873375,1354,576.98,7,Elastic,Protect Price / Targeted Discount,Review
72800F,4.539483324500999,2.7295833333333333,570,576.5,4,Positive / Unusual,Review Further,Review
21348,-1.465158667468642,3.238102453102453,205,575.7800000000001,6,Elastic,Protect Price / Targeted Discount,Review
84985A,-0.8251777411382412,1.8108891108891108,358,575.7099999999999,7,Inelastic,Test Moderate Price Increase,Medium
21664,0.1529728302924647,4.378022727272728,135,575.01,11,Positive / Unusual,Review Further,Review
18097C,-4.399562522611919,2.804602898550724,221,573.65,5,Elastic,Protect Price / Targeted Discount,Review
22340,2.040541709646916,2.4666915584415583,318,570.87,6,Positive / Unusual,Review Further,Review
21284,0.737326469947026,2.1713386243386243,359,569.59,9,Positive / Unusual,Review Further,Review
84596F,-2.244767058099585,1.4832034632034632,463,569.03,7,Elastic,Protect Price / Targeted Discount,Review
84748,-3.4773004342590417,4.8340000000000005,631,568.26,5,Elastic,Protect Price / Targeted Discount,Review
21841,2.817028716857507,4.886751131221719,129,566.57,4,Positive / Unusual,Review Further,Review
22265,-0.6610923873755173,0.791256157635468,887,564.93,7,Inelastic,Test Moderate Price Increase,Medium
22677,-1.1211891590289285,1.703429487179487,435,563.91,4,Elastic,Protect Price / Targeted Discount,Review
72800E,-0.8458512244795809,2.416672619047619,298,562.11,6,Inelastic,Test Moderate Price Increase,Medium
85129D,-1.7165630692674332,1.782233660130719,400,562.1,9,Elastic,Protect Price / Targeted Discount,Review
22091,0.1653999192919072,1.604292929292929,421,561.5899999999999,9,Positive / Unusual,Review Further,Review
46775D,0.7974580876766522,14.361507936507936,38,561.0799999999999,9,Positive / Unusual,Review Further,Review
85055,-3.049861393918368,4.755673469387754,135,560.4300000000001,7,Elastic,Protect Price / Targeted Discount,Review
85031A,-0.904196396880101,3.6762056277056274,308,560.35,6,Inelastic,Test Moderate Price Increase,Medium
85227,2.614855350229949,1.0605952797202798,604,557.9499999999999,4,Positive / Unusual,Review Further,Review
22545,-2.1958642235342536,0.535298720702856,1305,557.54,7,Elastic,Protect Price / Targeted Discount,Review
21323,-1.7407076733002875,5.46462012987013,110,556.12,4,Elastic,Protect Price / Targeted Discount,Review
20700,0.3664648118470784,8.002142857142857,214,555.4499999999999,7,Positive / Unusual,Review Further,Review
22678,-0.8492733540993833,1.6613461538461538,423,555.21,4,Inelastic,Test Moderate Price Increase,Medium
21634,-1.4423183321547306,1.754,427,555.17,10,Elastic,Protect Price / Targeted Discount,Review
22251,-1.0849714793865626,1.714440476190476,458,555.12,6,Elastic,Protect Price / Targeted Discount,Review
22516,-2.715193132227941,2.5839848484848487,308,553.92,5,Elastic,Protect Price / Targeted Discount,Review
21710,-1.1110095238720985,5.873839285714286,119,553.59,8,Elastic,Protect Price / Targeted Discount,Review
21774,-4.695994809289966,2.144876717778969,327,552.62,8,Elastic,Protect Price / Targeted Discount,Review
21721,1.8674896115391988,1.0956432456432457,609,551.79,9,Positive / Unusual,Review Further,Review
21393,0.4314479376182614,2.1535317460317462,2598,549.23,6,Positive / Unusual,Review Further,Review
79163,0.0191983259045265,5.253703703703703,264,548.28,9,Positive / Unusual,Review Further,Review
22026,-0.42206974180945,0.5054817989028515,1269,546.45,7,Inelastic,Test Moderate Price Increase,Medium
84762B,-2.138582629175902,9.539642857142857,72,543.24,4,Elastic,Protect Price / Targeted Discount,Review
72008,2.124773562212708,0.443858709106985,1373,542.78,4,Positive / Unusual,Review Further,Review
35810A,-2.635833456177982,3.1095352564102567,237,541.32,8,Elastic,Protect Price / Targeted Discount,Review
22311,0.3789695906538572,5.687058201058202,111,539.85,9,Positive / Unusual,Review Further,Review
21011,-1.4951187031350446,1.0922926829268294,714,539.79,4,Elastic,Protect Price / Targeted Discount,Review
35241,-3.466572842797835,6.362619047619048,98,539.34,7,Elastic,Protect Price / Targeted Discount,Review
22293,-1.76598185202195,2.5516,340,538.9,5,Elastic,Protect Price / Targeted Discount,Review
85127,1.205816465622501,6.49425,82,536.4,8,Positive / Unusual,Review Further,Review
37424,0.9397706842527426,1.261370192307692,2395,536.26,8,Positive / Unusual,Review Further,Review
84625D,1.2633089883546176,2.4132179487179486,409,535.99,6,Positive / Unusual,Review Further,Review
85124A,1.2258804854248535,2.9615190746753246,189,535.4,8,Positive / Unusual,Review Further,Review
79030G,0.0143858641514004,4.5005250000000006,230,534.48,10,Positive / Unusual,Review Further,Review
22375,0.1869891039638365,6.831988636363636,84,534.3199999999999,5,Positive / Unusual,Review Further,Review
21949,-2.853040873413536,1.801499536178108,406,531.62,7,Elastic,Protect Price / Targeted Discount,Review
40003,1.2579565793145426,1.4098214285714286,471,529.41,7,Positive / Unusual,Review Further,Review
20786,-3.664307286954189,48.10833333333333,12,528.8,4,Elastic,Protect Price / Targeted Discount,Review
21867,-1.852653203018865,1.4618768253805017,395,526.87,8,Elastic,Protect Price / Targeted Discount,Review
84968F,-1.5511530739221977,15.74104761904762,32,525.89,7,Elastic,Protect Price / Targeted Discount,Review
20735,-2.2903566923158443,1.479103952692188,462,524.9499999999999,9,Elastic,Protect Price / Targeted Discount,Review
85008,-0.6163298514390827,5.5910714285714285,121,524.67,8,Inelastic,Test Moderate Price Increase,Medium
21161,-2.811265928479849,1.6023412318675478,443,524.1199999999999,7,Elastic,Protect Price / Targeted Discount,Review
84313B,1.6843507707973708,9.109833333333334,79,521.4200000000001,11,Positive / Unusual,Review Further,Review
35965,0.8365250149625151,3.752625000000001,156,520.04,8,Positive / Unusual,Review Further,Review
21726,-0.7410890503575417,1.015973901098901,584,519.0699999999999,10,Inelastic,Test Moderate Price Increase,Medium
84989A,1.2880954286013837,0.6843246336996338,929,517.98,6,Positive / Unusual,Review Further,Review
22390,-2.494345885561978,2.5995238095238093,345,517.5699999999999,4,Elastic,Protect Price / Targeted Discount,Review
20766,-2.851910703276885,3.878931972789116,139,515.9200000000001,7,Elastic,Protect Price / Targeted Discount,Review
21189,0.0446483990527736,2.324208333333333,287,515.7900000000001,8,Positive / Unusual,Review Further,Review
22520,-1.1577109130292058,0.962220731707317,581,515.78,5,Elastic,Protect Price / Targeted Discount,Review
84559A,0.7993337723177905,1.0201925925925923,583,514.03,9,Positive / Unusual,Review Further,Review
15034,-2.687642354797396,0.3629368100002071,3183,511.69000000000005,11,Elastic,Protect Price / Targeted Discount,Review
85166B,-1.5667012336174313,3.4189583333333333,342,510.24,4,Elastic,Protect Price / Targeted Discount,Review
21289,-0.2598780054594589,1.577875,448,510.1,8,Inelastic,Test Moderate Price Increase,Medium
77101A,1.4164771941060543,1.3721239177489175,427,506.03,6,Positive / Unusual,Review Further,Review
20802,-0.6743195681196646,2.1155,259,506.01,9,Inelastic,Test Moderate Price Increase,Medium
22322,-0.5558463222962216,1.3938705749895266,505,505.39,8,Inelastic,Test Moderate Price Increase,Medium
22230,0.957103748551262,1.1344642857142857,443,503.72,7,Positive / Unusual,Review Further,Review
21285,-2.5657114122133766,2.9213624338624338,245,501.79,9,Elastic,Protect Price / Targeted Discount,Review
22756,-1.197972928721526,1.3997212669683257,404,501.4,4,Elastic,Protect Price / Targeted Discount,Review
22098,-2.2838390806393387,1.7184238417832167,529,501.23,8,Elastic,Protect Price / Targeted Discount,Review
84715,-0.6323102698286616,3.411031746031746,164,498.6,6,Inelastic,Test Moderate Price Increase,Medium
84686,-0.6116161373154768,6.8137083333333335,148,497.56,8,Inelastic,Test Moderate Price Increase,Medium
20871,1.203432462094317,2.355555555555555,321,497.53,7,Positive / Unusual,Review Further,Review
20780,-0.5529418045365874,7.101437499999999,96,496.92,8,Inelastic,Test Moderate Price Increase,Medium
22324,-2.6963220104545784,3.214569745069745,209,495.71,9,Elastic,Protect Price / Targeted Discount,Review
22679,-2.826088858620753,1.5555521971634505,383,493.87,4,Elastic,Protect Price / Targeted Discount,Review
21802,-2.9262605653280227,0.6037265512265513,1144,493.71,4,Elastic,Protect Price / Targeted Discount,Review
21725,0.3365998596710401,1.1275614385614383,546,493.25999999999993,9,Positive / Unusual,Review Further,Review
21923,-0.1605226114156035,9.08875,60,492.46,4,Inelastic,Test Moderate Price Increase,Medium
84963A,-2.025350623559561,36.57000000000001,17,491.65,5,Elastic,Protect Price / Targeted Discount,Review
21056,0.2708113764679639,9.797611111111111,52,489.49,5,Positive / Unusual,Review Further,Review
35971,0.7199825055326724,1.9255,342,486.72,7,Positive / Unusual,Review Further,Review
22540,1.1786410285824171,0.4789494047619047,1192,486.08,4,Positive / Unusual,Review Further,Review
21253,0.9535439148946976,3.991571428571429,161,485.9500000000001,10,Positive / Unusual,Review Further,Review
16046,0.4812979477547822,0.9826190476190476,4883,485.39,7,Positive / Unusual,Review Further,Review
22680,-0.9675261659328682,1.412863332319854,379,485.09,4,Inelastic,Test Moderate Price Increase,Medium
22074,1.2909383791778328,1.8459230769230768,316,484.51,6,Positive / Unusual,Review Further,Review
20669,-0.3757951763027876,1.553688888888889,350,483.1,10,Inelastic,Test Moderate Price Increase,Medium
21690,-2.523356489488452,3.991515151515152,126,481.14,6,Elastic,Protect Price / Targeted Discount,Review
21708,-0.4685934990475348,5.1154,108,478.26,5,Inelastic,Test Moderate Price Increase,Medium
21219,-0.2054676767813866,1.6629876543209876,361,477.07,9,Inelastic,Test Moderate Price Increase,Medium
72750B,1.2166670648192388,3.2261904761904767,220,477.0,5,Positive / Unusual,Review Further,Review
84688,1.053911445868783,5.662081632653062,142,475.74,7,Positive / Unusual,Review Further,Review
84843,0.7852620604573733,7.042380952380952,71,475.73,8,Positive / Unusual,Review Further,Review
85049H,-0.6213477014926393,1.407681623931624,386,475.42,6,Inelastic,Test Moderate Price Increase,Medium
22337,-0.7589597660465209,0.8071274038461539,751,475.1,4,Inelastic,Test Moderate Price Increase,Medium
21427,-0.4308436635809601,2.830713492063492,241,471.85,10,Inelastic,Test Moderate Price Increase,Medium
85124C,-0.0187222564371727,3.199910714285714,170,471.15,8,Inelastic,Test Moderate Price Increase,Medium
22716,-1.0678490152872384,0.500760606060606,1117,470.82,4,Elastic,Protect Price / Targeted Discount,Review
21205,0.7333731213310439,2.9212708333333333,174,468.8,8,Positive / Unusual,Review Further,Review
21446,-0.7028865951866203,1.5,352,466.94,8,Inelastic,Test Moderate Price Increase,Medium
84569D,0.5405621513476844,1.5821,356,465.16,10,Positive / Unusual,Review Further,Review
22182,-0.9024708742697336,7.36011111111111,100,462.54,6,Inelastic,Test Moderate Price Increase,Medium
21630,1.864847399459908,14.25542857142857,33,461.58,7,Positive / Unusual,Review Further,Review
21354,-0.1687164655846606,1.4653781512605042,374,461.02,7,Inelastic,Test Moderate Price Increase,Medium
21059,-0.4062589256759115,0.8888460111317255,544,460.96,7,Inelastic,Test Moderate Price Increase,Medium
84459A,-1.912168459229321,2.6024102564102565,245,460.42,8,Elastic,Protect Price / Targeted Discount,Review
20832,-3.726971756517356,1.2145861344537814,519,459.96,10,Elastic,Protect Price / Targeted Discount,Review
21261,-3.638233112638531,7.215218253968254,91,459.87000000000006,6,Elastic,Protect Price / Targeted Discount,Review
22682,-1.5297893010242654,1.757272727272727,354,458.88,4,Elastic,Protect Price / Targeted Discount,Review
21555,-2.1033093253506183,3.6484429563492062,157,458.41,8,Elastic,Protect Price / Targeted Discount,Review
22393,-0.4201381088072128,3.1842346938775505,208,458.33,7,Inelastic,Test Moderate Price Increase,Medium
21682,0.3323710161917044,5.404772727272728,89,456.21,4,Positive / Unusual,Review Further,Review
20894,-0.7997293850681911,3.508711538461539,145,455.51,8,Inelastic,Test Moderate Price Increase,Medium
22422,-2.765375499233514,1.0070568181818182,643,455.3200000000001,4,Elastic,Protect Price / Targeted Discount,Review
21468,1.8247686500834608,4.329702380952381,114,454.91,7,Positive / Unusual,Review Further,Review
22249,2.103051295069024,1.0669267707082832,514,453.58,7,Positive / Unusual,Review Further,Review
84536A,-0.0643636551984907,0.5505580379520228,963,451.53,7,Inelastic,Test Moderate Price Increase,Medium
20902,0.7751093294460688,11.432729166666668,42,451.43,8,Positive / Unusual,Review Further,Review
20704,0.3593837701302586,7.789166666666667,91,450.94000000000005,7,Positive / Unusual,Review Further,Review
20615,1.724668086455523,2.808383116883117,200,448.97,11,Positive / Unusual,Review Further,Review
84536B,0.2890912324639531,0.57235055285272,966,448.57,10,Positive / Unusual,Review Further,Review
85034C,0.2382143652212323,5.628148148148148,96,447.9,9,Positive / Unusual,Review Further,Review
22190,3.452295969903051,2.529619047619048,215,447.19000000000005,7,Positive / Unusual,Review Further,Review
35811A,-2.0767525380211223,3.0199007936507933,196,446.78,6,Elastic,Protect Price / Targeted Discount,Review
22175,-2.1300837802481456,3.808479020979021,147,445.99000000000007,4,Elastic,Protect Price / Targeted Discount,Review
85132C,-4.365710923596,8.541071428571428,94,444.5,4,Elastic,Protect Price / Targeted Discount,Review
20686,1.3154180901214236,3.645142857142857,130,444.14,7,Positive / Unusual,Review Further,Review
21465,1.7141670558069908,4.023876923076923,114,442.98,5,Positive / Unusual,Review Further,Review
21292,-2.427978126261072,0.9202767857142856,616,442.32,8,Elastic,Protect Price / Targeted Discount,Review
21785,-2.429824755133617,1.0083035714285713,558,441.67,8,Elastic,Protect Price / Targeted Discount,Review
84581,0.5527345576767768,3.864875541125541,116,441.44,4,Positive / Unusual,Review Further,Review
22683,-2.802061991980824,1.6859782608695653,339,441.39,4,Elastic,Protect Price / Targeted Discount,Review
35809A,-0.1339408821451811,3.048346590909091,192,440.49,8,Inelastic,Test Moderate Price Increase,Medium
22209,1.572155688181262,1.8761235119047617,263,440.1,8,Positive / Unusual,Review Further,Review
35957,0.1789604318187075,0.7490763997906855,1623,439.0799999999999,7,Positive / Unusual,Review Further,Review
85039B,-1.1573995673801434,1.8987162698412696,278,438.76,6,Elastic,Protect Price / Targeted Discount,Review
21051,1.231024127785412,2.552638888888889,221,437.4,6,Positive / Unusual,Review Further,Review
82613D,-2.6129889917517293,1.9509848484848484,284,436.9,9,Elastic,Protect Price / Targeted Discount,Review
22269,1.913268409184245,1.4861090909090908,340,434.82,10,Positive / Unusual,Review Further,Review
21801,-2.4212681642650464,0.6082666666666666,1012,434.42,5,Elastic,Protect Price / Targeted Discount,Review
35653,-0.3750333004109382,4.212933333333334,122,433.9,10,Inelastic,Test Moderate Price Increase,Medium
22473,1.3293620825593564,5.776194444444444,79,433.54,4,Positive / Unusual,Review Further,Review
21917,-2.172618980843141,0.5430517460317461,997,431.96,5,Elastic,Protect Price / Targeted Discount,Review
22336,0.2908705898675208,0.9589166666666668,594,430.87,6,Positive / Unusual,Review Further,Review
10135,-2.121257759017072,1.4688363636363635,341,429.78,5,Elastic,Protect Price / Targeted Discount,Review
20866,-0.307007475426459,1.5702292307692307,346,428.16,10,Inelastic,Test Moderate Price Increase,Medium
22250,3.3067406383695324,1.343315476190476,435,427.85,8,Positive / Unusual,Review Further,Review
35969,-1.9737795064754136,2.072009803921569,353,425.69,9,Elastic,Protect Price / Targeted Discount,Review
21043,0.5820790679783263,7.7938888888888895,86,425.35,6,Positive / Unusual,Review Further,Review
37423,-0.7086011244551144,1.3632142857142855,3060,425.07,7,Inelastic,Test Moderate Price Increase,Medium
20931,0.3646723076453312,5.0268,131,423.81000000000006,5,Positive / Unusual,Review Further,Review
21676,1.1597318151450022,0.9606740478089162,504,423.63,8,Positive / Unusual,Review Further,Review
22532,-1.458026195705526,0.4796080043859649,1050,423.55,4,Elastic,Protect Price / Targeted Discount,Review
85185B,-1.533931181878282,3.597892822966508,129,422.55000000000007,5,Elastic,Protect Price / Targeted Discount,Review
22684,-2.879726183034918,1.5552954545454545,329,421.33,4,Elastic,Protect Price / Targeted Discount,Review
47581B,-0.6514636781265738,15.464833333333331,28,420.7,4,Inelastic,Test Moderate Price Increase,Medium
22201,0.0763780166408344,5.249542362399505,94,420.6,7,Positive / Unusual,Review Further,Review
16014,-3.300608747538959,0.4049999999999999,1238,419.96,5,Elastic,Protect Price / Targeted Discount,Review
85231B,-3.224680168343137,1.033576537433155,447,418.8299999999999,8,Elastic,Protect Price / Targeted Discount,Review
22700,-4.261271862004313,3.270644841269841,142,416.96,4,Elastic,Protect Price / Targeted Discount,Review
22279,0.4840517049288032,1.9450330132052824,235,416.4,7,Positive / Unusual,Review Further,Review
21282,2.81294888073055,4.9259814814814815,90,416.26,6,Positive / Unusual,Review Further,Review
22479,-0.2989711116477916,1.5339259259259257,325,415.69,5,Inelastic,Test Moderate Price Increase,Medium
22066,0.7255204475431551,1.6417285714285714,284,415.57,4,Positive / Unusual,Review Further,Review
21691,2.7517521803373137,3.9406666666666665,106,414.94,5,Positive / Unusual,Review Further,Review
21807,-0.5340270880280507,0.538651282051282,949,414.18,5,Inelastic,Test Moderate Price Increase,Medium
22254,0.6823163979316563,1.40015,320,413.86,5,Positive / Unusual,Review Further,Review
85071B,-1.4796197205043728,2.465171957671957,726,413.26,9,Elastic,Protect Price / Targeted Discount,Review
22396,-0.9250736045381608,1.4106938775510205,343,412.25,7,Inelastic,Test Moderate Price Increase,Medium
22181,-0.5132704584246324,1.0243214285714286,464,411.41,9,Inelastic,Test Moderate Price Increase,Medium
21070,2.020509937433093,1.556959595959596,378,408.78,9,Positive / Unusual,Review Further,Review
84625C,-0.7183472071829792,2.933309523809524,228,408.68,6,Inelastic,Test Moderate Price Increase,Medium
21007,2.21104089991272,0.8526851851851852,995,408.67,6,Positive / Unusual,Review Further,Review
22521,0.8423053333706125,1.001619512195122,470,408.53,5,Positive / Unusual,Review Further,Review
22308,-0.6505919685925063,3.676337868480725,138,407.23,7,Inelastic,Test Moderate Price Increase,Medium
84682,-3.4070185701353264,3.273714285714286,193,406.47,8,Elastic,Protect Price / Targeted Discount,Review
35954,-0.9842434849710076,1.9628,757,406.28,5,Inelastic,Test Moderate Price Increase,Medium
21581,1.2114053322492786,2.448005952380952,228,406.18,4,Positive / Unusual,Review Further,Review
20770,-0.6334569210538121,2.629998353096179,165,405.8,4,Inelastic,Test Moderate Price Increase,Medium
22681,-4.050677567896962,1.572216718266254,316,405.08,4,Elastic,Protect Price / Targeted Discount,Review
22363,1.142593319859071,3.836031746031746,133,403.47,5,Positive / Unusual,Review Further,Review
21647,-0.2421854025833798,2.688242424242424,182,403.3,4,Inelastic,Test Moderate Price Increase,Medium
20867,0.5468804462865454,1.5760676328502414,327,402.57,9,Positive / Unusual,Review Further,Review
37482P,-1.5104203051093967,6.6685625,118,401.91,8,Elastic,Protect Price / Targeted Discount,Review
85130A,-0.059925063389918,1.7401818181818185,235,400.74,5,Inelastic,Test Moderate Price Increase,Medium
22256,-1.447970801688762,1.8653535353535355,299,400.69,6,Elastic,Protect Price / Targeted Discount,Review
84913A,-2.477879598919865,4.179918414918415,107,400.31,4,Elastic,Protect Price / Targeted Discount,Review
84815,-4.363288749805163,5.410926262626263,83,399.17,5,Elastic,Protect Price / Targeted Discount,Review
21162,-0.2300241881391006,1.645931919642857,334,398.91,8,Inelastic,Test Moderate Price Increase,Medium
20936,-2.245832322304264,3.634066666666667,171,397.97,10,Elastic,Protect Price / Targeted Discount,Review
85124B,-2.984298898937113,3.0101666666666667,148,397.48,8,Elastic,Protect Price / Targeted Discount,Review
84674,0.8203360417722149,3.237,160,396.88000000000005,6,Positive / Unusual,Review Further,Review
22316,1.1762217639880443,1.459829365079365,331,396.47,9,Positive / Unusual,Review Further,Review
22161,2.986571988997599,1.0308184523809525,524,395.39,4,Positive / Unusual,Review Further,Review
21687,-0.4141611871770985,4.753522727272728,94,395.34,4,Inelastic,Test Moderate Price Increase,Medium
21293,1.8628165715445664,3.3590714285714287,142,395.3,7,Positive / Unusual,Review Further,Review
21532,-1.586204862802579,2.337793650793651,180,394.88,6,Elastic,Protect Price / Targeted Discount,Review
85177,0.0680906368581019,1.0467142857142857,449,394.61,8,Positive / Unusual,Review Further,Review
22099,-1.443458267097537,1.5273917004048585,285,394.05,8,Elastic,Protect Price / Targeted Discount,Review
79342B,-1.0323647702965937,9.028746031746032,49,392.13,4,Elastic,Protect Price / Targeted Discount,Review
85226A,-0.7663030999200735,0.6986989795918367,651,391.31000000000006,7,Inelastic,Test Moderate Price Increase,Medium
35599B,2.631004314153547,8.247499999999999,51,385.3200000000001,5,Positive / Unusual,Review Further,Review
21187,-2.183563306434141,1.9957916666666664,231,385.23,6,Elastic,Protect Price / Targeted Discount,Review
21758,0.0954930705259639,9.874241071428573,47,384.66,8,Positive / Unusual,Review Further,Review
21945,-1.292521241941088,1.3238924177155242,441,384.53,8,Elastic,Protect Price / Targeted Discount,Review
21358,3.616442028621052,1.354690476190476,308,384.1,6,Positive / Unusual,Review Further,Review
85118,0.514570138821997,1.3028571428571427,734,383.44,7,Positive / Unusual,Review Further,Review
17084R,-0.4345695970695953,0.19125,2196,381.96,4,Inelastic,Test Moderate Price Increase,Medium
47585A,-2.738623074467845,3.886333333333333,148,381.42,5,Elastic,Protect Price / Targeted Discount,Review
37474,-0.2773688332393461,11.77236111111111,35,381.21,6,Inelastic,Test Moderate Price Increase,Medium
21905,-1.7499803328215595,2.261207886316582,179,380.81,7,Elastic,Protect Price / Targeted Discount,Review
21663,2.564529608348897,6.590384615384616,59,380.65,4,Positive / Unusual,Review Further,Review
79160,-0.0420424567344676,2.530294871794872,160,378.91,6,Inelastic,Test Moderate Price Increase,Medium
21904,0.3140625207440128,2.279294871794872,177,378.64,5,Positive / Unusual,Review Further,Review
37476,-0.5793041462449212,13.667777777777776,30,377.04,9,Inelastic,Test Moderate Price Increase,Medium
20910,-1.57463136503338,8.820270833333334,46,374.91,8,Elastic,Protect Price / Targeted Discount,Review
22701,-1.850039616530213,3.51478354978355,119,374.0700000000001,6,Elastic,Protect Price / Targeted Discount,Review
22232,-2.691669748556768,2.289306818181818,212,373.74,8,Elastic,Protect Price / Targeted Discount,Review
21158,-3.593475546574432,1.8100198412698407,240,372.83,5,Elastic,Protect Price / Targeted Discount,Review
85163A,0.4318460160543577,14.541,27,371.67,5,Positive / Unusual,Review Further,Review
85176,-1.0510738272727889,1.1566352343308866,393,370.5,7,Elastic,Protect Price / Targeted Discount,Review
21738,-0.5397813755703635,3.813085714285714,121,369.91,5,Inelastic,Test Moderate Price Increase,Medium
10125,1.904862972217204,1.073875,422,369.23,6,Positive / Unusual,Review Further,Review
20652,0.7647302712160428,1.408943722943723,340,369.02,7,Positive / Unusual,Review Further,Review
21277,1.1101670240080468,27.82428571428571,13,367.59,7,Positive / Unusual,Review Further,Review
85183A,-0.3307745426630757,3.28125,226,367.5,4,Inelastic,Test Moderate Price Increase,Medium
85170A,-1.1127196152004162,2.4950666666666668,179,366.78,5,Elastic,Protect Price / Targeted Discount,Review
21159,2.156117807818124,1.7002551020408163,271,366.1,7,Positive / Unusual,Review Further,Review
20996,1.6062443097134167,0.5336406926406926,914,365.71,7,Positive / Unusual,Review Further,Review
21576,0.0998918985857493,2.692153273809524,153,365.47,4,Positive / Unusual,Review Further,Review
22529,1.553624094883557,0.450507326007326,922,364.91,6,Positive / Unusual,Review Further,Review
22408,-0.7363583875371903,1.4817083333333334,288,364.74,6,Inelastic,Test Moderate Price Increase,Medium
84509G,-0.8586423076655155,4.3412500000000005,91,364.47,5,Inelastic,Test Moderate Price Increase,Medium
21880,-1.4469299999848864,1.0282416666666667,503,364.36,10,Elastic,Protect Price / Targeted Discount,Review
84534B,-1.2302262703255211,1.1617825396825396,395,364.18,6,Elastic,Protect Price / Targeted Discount,Review
82605,-1.3935125939214288,2.3752907964355336,166,363.63,9,Elastic,Protect Price / Targeted Discount,Review
82613B,-1.154370850768102,1.918186274509804,238,363.02,9,Elastic,Protect Price / Targeted Discount,Review
35004G,-2.0704805038520555,7.284285714285715,74,363.01,7,Elastic,Protect Price / Targeted Discount,Review
21827,-5.530384990025843,1.3445075757575755,289,362.99,6,Elastic,Protect Price / Targeted Discount,Review
84842,-0.2692915905733906,4.052619047619047,753,362.69,7,Inelastic,Test Moderate Price Increase,Medium
22547,-0.3529304042827852,0.5651986832611833,820,362.03,8,Inelastic,Test Moderate Price Increase,Medium
84459B,-0.9349107679597256,2.6583047619047617,202,360.82,7,Inelastic,Test Moderate Price Increase,Medium
21814,2.289216872294112,1.8421985157699443,229,359.59,7,Positive / Unusual,Review Further,Review
22210,-1.7707794594863464,1.9024242424242424,218,358.65,5,Elastic,Protect Price / Targeted Discount,Review
22313,-0.5476997850936328,5.218148148148148,101,358.51000000000005,6,Inelastic,Test Moderate Price Increase,Medium
21684,0.1391847377965284,1.170472222222222,374,357.74,8,Positive / Unusual,Review Further,Review
21319,-1.3209408900108974,2.1755952380952377,215,357.45000000000005,7,Elastic,Protect Price / Targeted Discount,Review
35951,1.9546098896516853,1.147720588235294,501,356.76,4,Positive / Unusual,Review Further,Review
84993A,2.3404558729291853,0.5076309093956153,821,356.58,9,Positive / Unusual,Review Further,Review
21163,-0.5008021998534804,1.8470822510822509,233,356.46,7,Inelastic,Test Moderate Price Increase,Medium
17181,-1.7844450123432596,3.8780723905723904,198,356.35,6,Elastic,Protect Price / Targeted Discount,Review
22033,-2.0687995449519208,0.5118659361471861,818,353.99,8,Elastic,Protect Price / Targeted Discount,Review
21849,1.4565803263295225,4.158579271708684,104,352.28,5,Positive / Unusual,Review Further,Review
84989B,-0.7459839570176107,0.667577380952381,667,351.74999999999994,6,Inelastic,Test Moderate Price Increase,Medium
84795B,-0.2070940762448279,10.353958333333331,40,351.15000000000003,4,Inelastic,Test Moderate Price Increase,Medium
85053,0.2605896670055476,2.645833333333333,166,351.14,4,Positive / Unusual,Review Further,Review
21851,0.6984563518874687,4.156812169312169,100,350.36,6,Positive / Unusual,Review Further,Review
84625A,-0.0854022884181957,3.4260000000000006,160,350.32,5,Inelastic,Test Moderate Price Increase,Medium
20772,-3.4639788091372536,2.8484,170,348.91,5,Elastic,Protect Price / Targeted Discount,Review
21638,0.96445214717933,2.78575,152,348.74,4,Positive / Unusual,Review Further,Review
72800A,-1.2733224611513396,2.9810119047619046,312,348.64,4,Elastic,Protect Price / Targeted Discount,Review
22416,0.8262747747001674,1.6896999999999998,236,346.79,5,Positive / Unusual,Review Further,Review
85034B,1.7564661298848587,5.263888888888888,80,344.2,6,Positive / Unusual,Review Further,Review
82613A,2.317211756939738,1.5539,258,342.72,5,Positive / Unusual,Review Further,Review
16049,-0.3350664960082264,0.3504166666666666,1934,342.54,6,Inelastic,Test Moderate Price Increase,Medium
71279,-0.049013655172636,4.035333333333334,97,342.39000000000004,11,Inelastic,Test Moderate Price Increase,Medium
20762,-2.641504853881739,3.9797368421052632,91,340.83,7,Elastic,Protect Price / Targeted Discount,Review
20941,-0.004674909148457,1.856575757575757,343,339.37,9,Inelastic,Test Moderate Price Increase,Medium
22471,-2.488018319894142,6.065070512820513,59,338.51,4,Elastic,Protect Price / Targeted Discount,Review
21012,0.187704000892926,2.4355714285714285,156,337.47,7,Positive / Unusual,Review Further,Review
22101,-3.951062209367663,2.914514652014652,158,337.31,7,Elastic,Protect Price / Targeted Discount,Review
22343,3.117389023284689,0.9656299603174604,413,336.5,4,Positive / Unusual,Review Further,Review
21247,1.686659851106219,1.783857142857143,214,335.69,5,Positive / Unusual,Review Further,Review
35471D,-1.0645583348892322,1.8211111111111111,216,333.12,9,Elastic,Protect Price / Targeted Discount,Review
21426,-0.4755079275994058,3.209534013605442,206,332.63,7,Inelastic,Test Moderate Price Increase,Medium
84519A,-3.208643855048801,3.610571428571428,109,331.95000000000005,5,Elastic,Protect Price / Targeted Discount,Review
20619,-2.161228581870541,2.891275613275613,152,331.44,10,Elastic,Protect Price / Targeted Discount,Review
21719,2.548282754015859,1.105111607142857,370,330.76,8,Positive / Unusual,Review Further,Review
22715,1.0080574422742263,0.5505069597069597,781,328.0,5,Positive / Unusual,Review Further,Review
21360,-0.7653351488318482,11.653333333333334,44,327.64,6,Inelastic,Test Moderate Price Increase,Medium
21944,-1.3185626072054484,1.205489947089947,354,327.62,10,Elastic,Protect Price / Targeted Discount,Review
22608,0.1139198737146673,1.2723571428571427,373,327.58000000000004,7,Positive / Unusual,Review Further,Review
21694,2.119447061138812,3.213111111111112,109,327.4700000000001,5,Positive / Unusual,Review Further,Review
84509C,2.3067034349740654,4.759063492063492,82,327.0,9,Positive / Unusual,Review Further,Review
22268,0.4225156824008528,1.1695547385620917,379,326.23,4,Positive / Unusual,Review Further,Review
21723,0.5156912645774728,1.0578531746031747,361,323.04,9,Positive / Unusual,Review Further,Review
22103,-2.1249012371168745,2.0540714285714285,188,322.47,7,Elastic,Protect Price / Targeted Discount,Review
85185D,-1.7743370897494464,3.8009047619047625,100,322.20000000000005,8,Elastic,Protect Price / Targeted Discount,Review
21211,1.0968695938239992,1.69225,215,320.92999999999995,5,Positive / Unusual,Review Further,Review
21127,-0.0393080070993664,7.893333333333333,51,320.07,4,Inelastic,Test Moderate Price Increase,Medium
20997,-3.7305868904686648,5.190892857142857,67,320.07,4,Elastic,Protect Price / Targeted Discount,Review
22338,-0.6433285462165886,0.8680769230769231,458,319.75,4,Inelastic,Test Moderate Price Increase,Medium
21063,0.8008802919065218,0.9450820707070706,365,318.47,6,Positive / Unusual,Review Further,Review
82011C,2.3753548955729435,5.706836734693878,55,317.55,7,Positive / Unusual,Review Further,Review
84689,-1.098873034620518,7.6995,110,316.98,4,Elastic,Protect Price / Targeted Discount,Review
40046A,1.3907599732588851,1.845265306122449,240,316.08,7,Positive / Unusual,Review Further,Review
21775,-0.990967886852087,2.1879791666666666,170,315.88,8,Inelastic,Test Moderate Price Increase,Medium
84952C,-2.500043647526191,3.703595238095239,153,315.13,7,Elastic,Protect Price / Targeted Discount,Review
21275,-0.6362225465366649,21.04583333333333,17,314.25,6,Inelastic,Test Moderate Price Increase,Medium
22123,-0.7982739373999456,6.278571428571429,52,313.7,7,Inelastic,Test Moderate Price Increase,Medium
21440,-0.3802359075752779,1.3623999999999998,244,312.56,5,Inelastic,Test Moderate Price Increase,Medium
72800D,0.6291358451309511,2.930194444444444,148,312.55,6,Positive / Unusual,Review Further,Review
85170D,0.9695986847459522,3.175333333333333,124,311.99,10,Positive / Unusual,Review Further,Review
21579,-1.7566028163239495,2.5697288359788355,192,311.65,6,Elastic,Protect Price / Targeted Discount,Review
85179B,-1.085399727541178,5.986761904761904,68,310.05,5,Elastic,Protect Price / Targeted Discount,Review
16235,-2.5253963863334605,0.3022675736961451,1265,309.95,7,Elastic,Protect Price / Targeted Discount,Review
21286,0.2057297336004732,3.570833333333333,119,309.46000000000004,6,Positive / Unusual,Review Further,Review
20765,-4.501465419238557,4.309011278195489,93,308.36,7,Elastic,Protect Price / Targeted Discount,Review
22056,0.5453775575520878,1.7739999999999998,273,308.24,5,Positive / Unusual,Review Further,Review
20689,-3.142870703579334,6.730541666666666,52,307.9,4,Elastic,Protect Price / Targeted Discount,Review
37479B,-1.0718201139072965,5.865833333333334,307,307.71,6,Elastic,Protect Price / Targeted Discount,Review
35922,-1.4933721337646004,7.593461538461539,42,307.08,4,Elastic,Protect Price / Targeted Discount,Review
22053,-2.182030887272823,1.6163333333333334,229,306.41,6,Elastic,Protect Price / Targeted Discount,Review
84033,1.3186572703165116,6.249999999999999,134,306.26,4,Positive / Unusual,Review Further,Review
21004,1.577581635153973,4.771416666666666,69,305.53000000000003,6,Positive / Unusual,Review Further,Review
72819,0.6542778354182613,3.4344761904761905,106,305.44,9,Positive / Unusual,Review Further,Review
20699,-0.1366982723639164,3.420816326530612,102,305.28000000000003,7,Inelastic,Test Moderate Price Increase,Medium
85025C,2.6758654878955688,2.1240306122448978,167,304.62,7,Positive / Unusual,Review Further,Review
20984,2.697528236404973,1.124,376,304.36,7,Positive / Unusual,Review Further,Review
21792,2.5386089754749888,8.668125,43,303.89,4,Positive / Unusual,Review Further,Review
85142,2.0844697545136373,10.092380952380951,34,303.02,5,Positive / Unusual,Review Further,Review
84620,-0.1893499302738154,8.359285714285715,46,300.36,4,Inelastic,Test Moderate Price Increase,Medium
84356,1.347724172652217,8.605833333333333,41,300.26,4,Positive / Unusual,Review Further,Review
62096A,0.6343313564363277,2.3708829887218044,176,299.63,8,Positive / Unusual,Review Further,Review
85125,-2.750616929518674,7.907500000000001,58,299.46,4,Elastic,Protect Price / Targeted Discount,Review
21090,0.6729900552461507,1.0497142857142856,294,297.69,9,Positive / Unusual,Review Further,Review
84609,-1.792094143081761,12.74,27,297.34,8,Elastic,Protect Price / Targeted Discount,Review
20707,-0.9963328313713664,1.65375,242,295.72,7,Inelastic,Test Moderate Price Increase,Medium
84932A,-0.547713573702924,4.133333333333333,121,294.9,5,Inelastic,Test Moderate Price Increase,Medium
22255,0.4811439901918464,1.1362102272727272,310,294.28,8,Positive / Unusual,Review Further,Review
22097,-0.6270868826247263,1.53875,223,293.87,8,Inelastic,Test Moderate Price Increase,Medium
85163B,-1.2655094512026748,16.288888888888888,18,293.2,6,Elastic,Protect Price / Targeted Discount,Review
22510,1.896769726213248,4.252836734693878,74,292.98,7,Positive / Unusual,Review Further,Review
21318,-1.251899928153832,1.89844246031746,165,292.41,6,Elastic,Protect Price / Targeted Discount,Review
85131A,-1.1639079916948372,1.2674912280701756,303,291.81,6,Elastic,Protect Price / Targeted Discount,Review
21359,2.8210826178052217,21.21458333333333,16,291.29999999999995,4,Positive / Unusual,Review Further,Review
21873,1.3398297435397817,1.7279464285714283,218,291.15,8,Positive / Unusual,Review Further,Review
75013B,1.3017026402416776,1.9242181818181816,172,291.04,5,Positive / Unusual,Review Further,Review
21942,-0.7898465880407578,1.2203690476190476,331,290.89,10,Inelastic,Test Moderate Price Increase,Medium
21457,-1.6586249449843766,1.67,221,290.11,4,Elastic,Protect Price / Targeted Discount,Review
84247L,0.7123132018575634,0.4802961760461761,671,288.27,6,Positive / Unusual,Review Further,Review
20783,-2.7836242446093147,7.0609166666666665,54,287.85,4,Elastic,Protect Price / Targeted Discount,Review
84846A,0.8438808912062739,2.4594814814814816,130,287.77000000000004,9,Positive / Unusual,Review Further,Review
85034A,0.5875208919659342,5.163333333333333,66,287.7,6,Positive / Unusual,Review Further,Review
21129,0.7398069964442597,9.535833333333334,43,287.7,6,Positive / Unusual,Review Further,Review
22565,0.5947531826284841,0.8782272727272726,336,287.22,5,Positive / Unusual,Review Further,Review
37475,1.889069849258804,11.667523809523807,26,287.03,7,Positive / Unusual,Review Further,Review
21425,-2.7884795332438,3.8820105820105817,77,286.81,6,Elastic,Protect Price / Targeted Discount,Review
21209,-1.9769264220343803,2.3599464285714284,140,286.74,8,Elastic,Protect Price / Targeted Discount,Review
79066K,2.309322371586093,1.0337199675324675,330,286.26,8,Positive / Unusual,Review Further,Review
20933,3.7923336998796433,3.7425,79,286.13,4,Positive / Unusual,Review Further,Review
85215,-0.8114633853757623,1.80909375,357,285.77,8,Inelastic,Test Moderate Price Increase,Medium
21002,-2.0276902402050103,4.169015151515152,80,285.48,5,Elastic,Protect Price / Targeted Discount,Review
37461,3.0385780009368744,1.5707026515151514,239,285.42999999999995,8,Positive / Unusual,Review Further,Review
82615,-0.5973515167588235,3.606444444444444,105,285.03,6,Inelastic,Test Moderate Price Increase,Medium
84597C,-0.6176153754161914,1.5559629629629628,232,284.66,9,Inelastic,Test Moderate Price Increase,Medium
21336,0.4578954834943834,3.859190476190476,911,283.66,7,Positive / Unusual,Review Further,Review
20734,-0.9789703320711416,1.2811836734693876,307,281.6,7,Inelastic,Test Moderate Price Increase,Medium
84707A,-0.8649157649637039,12.681666666666668,23,281.0,7,Inelastic,Test Moderate Price Increase,Medium
21269,0.0893530997304579,11.7224,28,280.4,5,Positive / Unusual,Review Further,Review
84789,2.091616935843897,5.139142857142858,73,280.3,5,Positive / Unusual,Review Further,Review
22615,-0.8423999176213653,0.4128552188552188,933,280.01,6,Inelastic,Test Moderate Price Increase,Medium
21391,1.9855852667812504,2.846394557823129,124,279.39,7,Positive / Unusual,Review Further,Review
20782,0.2878765038986279,5.903012820512821,51,278.65,5,Positive / Unusual,Review Further,Review
21641,0.756513123190113,1.272142857142857,293,278.21,9,Positive / Unusual,Review Further,Review
84358,-0.2936472211301183,16.040416666666665,19,276.45,8,Inelastic,Test Moderate Price Increase,Medium
21060,-2.3962334679314314,0.917030612244898,324,276.39,7,Elastic,Protect Price / Targeted Discount,Review
22511,2.2919904710158567,4.0648,72,275.85,5,Positive / Unusual,Review Further,Review
21204,-1.467400019385477,2.277738095238095,158,275.4,5,Elastic,Protect Price / Targeted Discount,Review
21399,0.3964739703883316,2.4516666666666667,125,275.16,6,Positive / Unusual,Review Further,Review
21248,1.5035767464468073,1.5535990675990674,200,274.76,5,Positive / Unusual,Review Further,Review
85131D,1.594510346923767,1.2093418803418805,390,274.44,6,Positive / Unusual,Review Further,Review
20901,-0.7805722906712163,10.839333333333332,27,273.37,5,Inelastic,Test Moderate Price Increase,Medium
21724,-1.699974210590812,1.1133665865384614,293,273.34,8,Elastic,Protect Price / Targeted Discount,Review
22143,-1.3151026238204735,2.958222222222222,121,273.17999999999995,6,Elastic,Protect Price / Targeted Discount,Review
21383,0.9934617065310112,0.8155277777777777,391,270.31,6,Positive / Unusual,Review Further,Review
85090,0.3806082544070388,5.810393518518519,51,270.04,6,Positive / Unusual,Review Further,Review
47592A,2.247270417888677,2.044512362637363,138,269.03,4,Positive / Unusual,Review Further,Review
51020B,-2.981300509122842,0.9033333333333332,657,268.29,6,Elastic,Protect Price / Targeted Discount,Review
85170C,-0.4810562566577893,3.0538958333333333,96,267.01,8,Inelastic,Test Moderate Price Increase,Medium
17091A,-3.299597123029246,1.081220238095238,487,266.75,6,Elastic,Protect Price / Targeted Discount,Review
20694,3.4764913488534086,4.6396875,69,266.58,8,Positive / Unusual,Review Further,Review
22118,0.0452103687703183,6.210428571428571,44,266.24,4,Positive / Unusual,Review Further,Review
35972,-1.7033362731349713,1.8808571428571423,180,265.44,5,Elastic,Protect Price / Targeted Discount,Review
47594A,-0.4424106211716829,2.5700907029478457,128,265.42,7,Inelastic,Test Moderate Price Increase,Medium
84569C,1.0850959174723145,1.643,194,265.18,7,Positive / Unusual,Review Further,Review
22096,0.906306423436098,1.466,201,265.11,9,Positive / Unusual,Review Further,Review
79302M,-1.4987851183943062,4.426666666666667,83,263.62,7,Elastic,Protect Price / Targeted Discount,Review
21895,1.5458506849853233,5.164333333333333,55,263.29,5,Positive / Unusual,Review Further,Review
21538,-1.0155328553952745,4.118571428571428,66,262.98,5,Elastic,Protect Price / Targeted Discount,Review
22420,3.102169973620278,0.6117328042328042,454,262.36,6,Positive / Unusual,Review Further,Review
85169A,-1.4495014281547487,1.515625,198,260.58,8,Elastic,Protect Price / Targeted Discount,Review
21991,-0.1534936153272162,3.365166666666667,105,259.39000000000004,5,Inelastic,Test Moderate Price Increase,Medium
35598B,-0.923152445097343,2.4464444444444444,195,259.33000000000004,5,Inelastic,Test Moderate Price Increase,Medium
22718,-2.8647429987547204,0.5460230769230769,590,258.98,5,Elastic,Protect Price / Targeted Discount,Review
84824,0.0306140385781522,16.23125,16,258.75,4,Positive / Unusual,Review Further,Review
20695,-3.4651346573965545,5.408308080808081,66,258.66,6,Elastic,Protect Price / Targeted Discount,Review
84687,-2.786081667989174,7.521428571428571,61,258.63,7,Elastic,Protect Price / Targeted Discount,Review
22229,-3.79053705892254,1.2181428571428572,264,258.42,6,Elastic,Protect Price / Targeted Discount,Review
85026B,1.5616355117769805,1.2385714285714289,176,258.18,7,Positive / Unusual,Review Further,Review
85071C,-0.0458142851891381,3.032083333333333,421,257.84,8,Inelastic,Test Moderate Price Increase,Medium
84910A,-3.82596816669556,5.770833333333334,52,257.8,4,Elastic,Protect Price / Targeted Discount,Review
62094B,0.0673043584455971,3.9514166666666655,74,256.47,6,Positive / Unusual,Review Further,Review
22093,-0.7118136428381411,1.4839360051712993,190,256.4,7,Inelastic,Test Moderate Price Increase,Medium
84820,-1.84278028028028,7.512222222222221,38,255.7,6,Elastic,Protect Price / Targeted Discount,Review
21530,0.364290473784169,3.394761904761905,74,255.50000000000003,6,Positive / Unusual,Review Further,Review
21632,1.6679923251351838,17.081599999999998,17,254.97,5,Positive / Unusual,Review Further,Review
22214,2.2790217077365065,3.038055555555556,94,254.76,6,Positive / Unusual,Review Further,Review
21418,0.08668764097051,3.354129629629629,91,254.64,9,Positive / Unusual,Review Further,Review
82616B,-2.088056697367605,2.5983809523809525,144,254.56,6,Elastic,Protect Price / Targeted Discount,Review
22703,2.5969958718372226,2.275217948717949,115,253.85,5,Positive / Unusual,Review Further,Review
20763,-0.4943967702976024,3.7976851851851854,80,251.89,9,Inelastic,Test Moderate Price Increase,Medium
21650,0.5028126171744093,0.985312271062271,348,250.52,7,Positive / Unusual,Review Further,Review
84925F,0.5161350377090874,3.069583333333333,255,249.78000000000003,4,Positive / Unusual,Review Further,Review
37444A,-1.239148476139572,4.112777777777778,1329,249.75,6,Elastic,Protect Price / Targeted Discount,Review
84923,0.5759218771285134,4.613541666666666,51,249.03,6,Positive / Unusual,Review Further,Review
47310M,1.2033578710562567,1.606753968253968,195,247.76,9,Positive / Unusual,Review Further,Review
21220,-0.6918124056381862,1.6430340909090908,181,247.67,8,Inelastic,Test Moderate Price Increase,Medium
22135,-2.209470033173164,0.6821153127917834,476,247.22,9,Elastic,Protect Price / Targeted Discount,Review
84006,0.850006341280406,1.1307386363636365,265,247.12,8,Positive / Unusual,Review Further,Review
37333,-1.846368982568194,7.647777777777777,35,246.09,6,Elastic,Protect Price / Targeted Discount,Review
85129C,0.3305876680391934,1.4646296296296295,191,245.29,9,Positive / Unusual,Review Further,Review
21620,3.4228369821393114,3.82415,64,244.74,5,Positive / Unusual,Review Further,Review
37330,1.3980899270181653,2.116,139,244.51,5,Positive / Unusual,Review Further,Review
84932C,-0.4614696162397185,3.057261904761905,115,243.9,4,Inelastic,Test Moderate Price Increase,Medium
72803A,2.998162695185512,4.581571428571428,55,242.19,5,Positive / Unusual,Review Further,Review
21061,0.1943358165904509,0.9057954545454544,279,241.38,7,Positive / Unusual,Review Further,Review
21375,-0.2035582020994584,8.0609375,33,241.12,8,Inelastic,Test Moderate Price Increase,Medium
20794,0.6852542399571669,3.3866666666666667,86,239.38,8,Positive / Unusual,Review Further,Review
20771,-0.3697279602026345,2.64975,94,239.23,5,Inelastic,Test Moderate Price Increase,Medium
21320,1.7621386882707697,3.316944444444444,82,239.22000000000003,6,Positive / Unusual,Review Further,Review
21415,0.9786985809072332,2.534388888888889,109,238.75000000000003,9,Positive / Unusual,Review Further,Review
84660C,-0.287888886403098,5.333833333333334,51,237.69,9,Inelastic,Test Moderate Price Increase,Medium
21366,0.2521327014218018,6.498154761904762,41,237.55,8,Positive / Unusual,Review Further,Review
21014,0.9748006539580956,1.1194155844155844,261,237.23,5,Positive / Unusual,Review Further,Review
37444B,-0.7670657900795229,4.103988095238096,1013,237.15,8,Inelastic,Test Moderate Price Increase,Medium
20696,-3.053231111475053,5.241562500000001,56,237.09,8,Elastic,Protect Price / Targeted Discount,Review
21448,-0.3667192778536854,1.902428571428572,139,236.19,5,Inelastic,Test Moderate Price Increase,Medium
20897,0.5156863362057427,3.759066666666667,68,236.12,10,Positive / Unusual,Review Further,Review
85028S,2.8025334517791425,4.747678571428572,143,235.77,4,Positive / Unusual,Review Further,Review
20986,-2.631799632307425,1.607090909090909,172,235.16,7,Elastic,Protect Price / Targeted Discount,Review
21147,-3.473826449472764,2.703786764705882,136,233.86,4,Elastic,Protect Price / Targeted Discount,Review
20661,-1.1948858482935498,2.8114285714285714,81,232.79,4,Elastic,Protect Price / Targeted Discount,Review
22211,0.8899837446167179,1.91680426716141,135,232.32,7,Positive / Unusual,Review Further,Review
20943,0.4201276235476999,1.7925,174,231.36,4,Positive / Unusual,Review Further,Review
21198,-0.915377230266019,2.298883928571428,118,230.61,8,Inelastic,Test Moderate Price Increase,Medium
37342,0.5505351084007017,4.214166666666666,57,230.31,8,Positive / Unusual,Review Further,Review
22204,2.914977401435144,4.204571428571429,56,229.35,5,Positive / Unusual,Review Further,Review
47593B,3.5358332296129142,1.0374242424242424,217,228.97,8,Positive / Unusual,Review Further,Review
22289,-0.4424602386333684,1.787,170,228.88,6,Inelastic,Test Moderate Price Increase,Medium
85183B,-2.929954749550564,3.1041666666666665,141,228.75,4,Elastic,Protect Price / Targeted Discount,Review
21386,0.3137122505374984,1.3025,247,228.7,4,Positive / Unusual,Review Further,Review
85025B,-1.494633694557823,2.40525,122,228.66,8,Elastic,Protect Price / Targeted Discount,Review
84306,0.1774290211154613,13.0705,17,228.56,4,Positive / Unusual,Review Further,Review
17039,0.1296359433409456,0.3658,930,228.15,5,Positive / Unusual,Review Further,Review
72023F,-0.2056560675785511,1.4599122807017544,182,227.74,4,Inelastic,Test Moderate Price Increase,Medium
20903,0.2156580015247859,8.586875000000001,43,224.78,8,Positive / Unusual,Review Further,Review
21167,0.3508130091790359,0.3025857142857143,884,224.56,10,Positive / Unusual,Review Further,Review
22522,-2.908736799448958,0.904,259,224.2,4,Elastic,Protect Price / Targeted Discount,Review
22036,0.7925271298412635,0.5765445665445665,527,223.91,5,Positive / Unusual,Review Further,Review
84849A,0.5909683203903449,2.026204081632653,124,223.38,7,Positive / Unusual,Review Further,Review
20781,-1.1768470056067977,7.214739583333333,38,222.37,8,Elastic,Protect Price / Targeted Discount,Review
22264,-1.3696444790371525,1.2344523809523809,234,220.83,6,Elastic,Protect Price / Targeted Discount,Review
72598,0.1863679184479433,1.037408163265306,233,219.74,7,Positive / Unusual,Review Further,Review
84920,-0.243925324346976,4.711654761904762,53,219.44,6,Inelastic,Test Moderate Price Increase,Medium
21720,3.7561347196718864,1.06,241,219.43,6,Positive / Unusual,Review Further,Review
35958,0.2189740611928213,1.1348214285714284,242,218.86,4,Positive / Unusual,Review Further,Review
62096B,-1.6179187400875132,2.311028911564626,127,218.66,7,Elastic,Protect Price / Targeted Discount,Review
82613C,1.8392944503036,1.9824848484848483,134,217.9,9,Positive / Unusual,Review Further,Review
84405A,1.837062253291406,13.280833333333334,16,216.74,4,Positive / Unusual,Review Further,Review
84631,1.366263015906788,12.26722222222222,18,216.72,6,Positive / Unusual,Review Further,Review
21294,0.1860406412999308,1.4264,165,216.33,5,Positive / Unusual,Review Further,Review
22538,-1.5217029174502226,0.5786904761904762,500,215.59,7,Elastic,Protect Price / Targeted Discount,Review
21518,-1.0886871777624667,0.5120833333333333,509,215.31,7,Elastic,Protect Price / Targeted Discount,Review
85020,0.6117296196807043,2.4114761904761903,99,214.23,7,Positive / Unusual,Review Further,Review
21379,0.1076485666269721,2.139625,124,213.38,8,Positive / Unusual,Review Further,Review
17096,-2.7773308116906974,0.3408333333333333,1190,212.94000000000003,6,Elastic,Protect Price / Targeted Discount,Review
21828,0.1781337949607944,1.4982142857142855,163,212.81,7,Positive / Unusual,Review Further,Review
16202B,0.0022121851935595,6.306666666666667,66,212.46,4,Positive / Unusual,Review Further,Review
84865,-2.752312757266994,10.502222222222224,21,212.42,6,Elastic,Protect Price / Targeted Discount,Review
72801G,2.853010504794415,1.6238888888888887,353,212.29,6,Positive / Unusual,Review Further,Review
21316,-0.593098158977111,4.294095238095238,79,212.25,7,Inelastic,Test Moderate Price Increase,Medium
20733,0.6777364750345768,0.899367816091954,349,211.46,5,Positive / Unusual,Review Further,Review
35968,1.1061228417921338,0.8147936507936508,435,211.38,10,Positive / Unusual,Review Further,Review
21850,-2.366019656948694,4.348740740740741,62,210.0,6,Elastic,Protect Price / Targeted Discount,Review
21250,-1.40667500483885,3.2671428571428573,67,209.49000000000004,4,Elastic,Protect Price / Targeted Discount,Review
85078,0.1030448390195309,3.173547619047619,208,208.84000000000003,6,Positive / Unusual,Review Further,Review
84247G,1.7446563922518925,0.5026666666666667,501,208.82,6,Positive / Unusual,Review Further,Review
20657,-0.6202952116222258,1.2214482758620688,215,208.71,4,Inelastic,Test Moderate Price Increase,Medium
21026,1.3633578419604062,1.5621363636363637,155,207.61,8,Positive / Unusual,Review Further,Review
84596E,-2.5937014194364503,1.442,159,207.57,7,Elastic,Protect Price / Targeted Discount,Review
85039A,-0.7628933319676863,2.1641666666666666,143,207.52,6,Inelastic,Test Moderate Price Increase,Medium
84360,-2.27923334102468,6.625333333333333,36,206.22000000000003,5,Elastic,Protect Price / Targeted Discount,Review
85213,-0.6139137156745915,1.2071875,208,205.15,8,Inelastic,Test Moderate Price Increase,Medium
22134,-1.0632637947929058,0.6598487103174603,401,204.97,8,Elastic,Protect Price / Targeted Discount,Review
16015,-0.9364303993462484,0.4883333333333333,436,204.0,4,Inelastic,Test Moderate Price Increase,Medium
21883,-0.700133346599749,0.9165277777777776,298,203.8,6,Inelastic,Test Moderate Price Increase,Medium
21000,1.3372066125028192,4.044645833333333,51,203.17,8,Positive / Unusual,Review Further,Review
85180A,-1.2496671686111376,6.671200000000001,45,203.1,5,Elastic,Protect Price / Targeted Discount,Review
85169D,-1.41714152913886,1.8401,138,201.48,10,Elastic,Protect Price / Targeted Discount,Review
35967,-0.1668332815232249,1.0209696969696969,377,200.86,6,Inelastic,Test Moderate Price Increase,Medium
35598D,-1.201151946991611,1.4472222222222222,217,199.55,6,Elastic,Protect Price / Targeted Discount,Review
22403,-2.290235079149928,1.5748316239316238,147,199.11,5,Elastic,Protect Price / Targeted Discount,Review
84595E,-1.7711575603146053,4.511428571428572,84,198.44,7,Elastic,Protect Price / Targeted Discount,Review
84760S,-0.892169061950516,2.215,122,198.32,8,Inelastic,Test Moderate Price Increase,Medium
35810B,-0.2671015080689675,2.706625,86,197.48,8,Inelastic,Test Moderate Price Increase,Medium
21678,-2.107215009493391,0.922,319,197.36,7,Elastic,Protect Price / Targeted Discount,Review
18094C,-0.193269752879638,1.6469333333333331,156,197.28,10,Inelastic,Test Moderate Price Increase,Medium
85212,1.208319859290035,1.1959375,201,195.96,8,Positive / Unusual,Review Further,Review
20777,-1.3523416702351327,1.848489795918368,114,195.91,7,Elastic,Protect Price / Targeted Discount,Review
21268,-0.0859478201416011,1.254409722222222,325,195.86,8,Inelastic,Test Moderate Price Increase,Medium
84952B,-1.8753697400702545,4.117333333333333,112,195.45,5,Elastic,Protect Price / Targeted Discount,Review
21001,-1.1119124223145531,5.845285714285715,34,195.15,7,Elastic,Protect Price / Targeted Discount,Review
84858C,-1.8438762338472088,7.0586666666666655,78,193.94,5,Elastic,Protect Price / Targeted Discount,Review
21711,-4.797473107725008,6.0375000000000005,37,193.59,4,Elastic,Protect Price / Targeted Discount,Review
20830,0.3990225931174498,3.0890625,70,193.42,4,Positive / Unusual,Review Further,Review
84821,-1.826698694632076,1.0814285714285714,218,193.4,7,Elastic,Protect Price / Targeted Discount,Review
85096,0.6655596664317592,5.31735,39,192.69,5,Positive / Unusual,Review Further,Review
21382,-0.0170638122940754,3.9983333333333335,62,191.78,4,Inelastic,Test Moderate Price Increase,Medium
84847,-1.5299948217957606,4.8925,44,191.16,4,Elastic,Protect Price / Targeted Discount,Review
47021G,-0.2768668514737945,2.347642857142857,104,190.96,10,Inelastic,Test Moderate Price Increase,Medium
79336,-2.33928675322052,1.868611111111111,404,190.89,6,Elastic,Protect Price / Targeted Discount,Review
82616A,-2.390066520723322,2.928761904761905,105,190.31,5,Elastic,Protect Price / Targeted Discount,Review
72799C,3.697193687749637,3.3725000000000005,66,189.42,4,Positive / Unusual,Review Further,Review
20898,-1.0311361702397894,3.295333333333333,62,188.82,5,Elastic,Protect Price / Targeted Discount,Review
84507C,0.668255484419444,2.919761904761905,134,188.54,7,Positive / Unusual,Review Further,Review
79328,-1.7427540361011888,1.4079166666666665,442,187.5,4,Elastic,Protect Price / Targeted Discount,Review
21066,-2.135172585772395,1.5616571428571429,315,187.11,5,Elastic,Protect Price / Targeted Discount,Review
22280,1.4016045952685172,1.8506111111111112,109,186.34,6,Positive / Unusual,Review Further,Review
22523,-1.9718202960480915,0.9811570945945944,219,186.27,4,Elastic,Protect Price / Targeted Discount,Review
20998,1.0760812750508693,3.696888888888889,59,185.71,6,Positive / Unusual,Review Further,Review
21750,2.3700618050955526,2.759375,82,184.86,4,Positive / Unusual,Review Further,Review
85130D,0.3236344841737018,2.0549166666666663,105,184.53,8,Positive / Unusual,Review Further,Review
20932,-2.3392242406872423,5.477678571428571,44,184.35,4,Elastic,Protect Price / Targeted Discount,Review
20803,-0.4091725011708569,2.298375,94,184.17,8,Inelastic,Test Moderate Price Increase,Medium
37464,-0.6416383824814165,1.7007443609022557,131,183.91,7,Inelastic,Test Moderate Price Increase,Medium
21265,-1.853612099945622,6.533,59,182.85,4,Elastic,Protect Price / Targeted Discount,Review
22288,-1.0200666126236553,1.908,136,182.6,5,Elastic,Protect Price / Targeted Discount,Review
21222,0.4704579402708658,1.6574545454545453,137,182.59,7,Positive / Unusual,Review Further,Review
46307,-0.6131319971108716,5.4474857142857145,38,181.98,5,Inelastic,Test Moderate Price Increase,Medium
85044,-0.1528744471027798,6.38,39,181.62,4,Inelastic,Test Moderate Price Increase,Medium
21943,-1.103465851966957,1.132375,199,181.3,8,Elastic,Protect Price / Targeted Discount,Review
22447,-4.06550608423416,4.148,51,181.11,5,Elastic,Protect Price / Targeted Discount,Review
85071A,-2.956685317276598,2.607333333333334,228,179.16,5,Elastic,Protect Price / Targeted Discount,Review
20831,-1.082578307647405,2.657642857142857,74,178.61,7,Elastic,Protect Price / Targeted Discount,Review
21131,-1.450172449722139,6.460476190476191,35,178.29,7,Elastic,Protect Price / Targeted Discount,Review
84673B,1.007894783427776,0.9328636363636362,249,177.6,9,Positive / Unusual,Review Further,Review
22062,1.3228611876773635,3.9564,53,177.07000000000002,5,Positive / Unusual,Review Further,Review
85180B,-1.4681346782661024,6.595833333333334,32,176.82,9,Elastic,Protect Price / Targeted Discount,Review
47593A,1.025444927957737,1.014987012987013,162,176.1,5,Positive / Unusual,Review Further,Review
84499,-1.7594870542680194,1.162928571428571,228,174.89999999999998,7,Elastic,Protect Price / Targeted Discount,Review
16225,0.9254271379622728,1.8346944444444448,119,172.93,6,Positive / Unusual,Review Further,Review
84596K,0.3888144681788376,1.3647142857142858,145,172.61,4,Positive / Unusual,Review Further,Review
90058B,-1.3168521689497716,0.6066666666666667,325,172.46,4,Elastic,Protect Price / Targeted Discount,Review
22031,0.325142538677138,0.5434675324675324,391,172.38,11,Positive / Unusual,Review Further,Review
21666,-3.2052012416770195,1.1742857142857142,258,171.23,7,Elastic,Protect Price / Targeted Discount,Review
72800C,-0.9540448327688456,3.1042916666666662,63,170.69,6,Inelastic,Test Moderate Price Increase,Medium
85028L,-0.2626164952887042,8.848749999999999,44,169.36,4,Inelastic,Test Moderate Price Increase,Medium
16238,-1.486239745704334,0.2991785714285714,737,169.29,8,Elastic,Protect Price / Targeted Discount,Review
21307,-1.8445720908604903,2.604,75,168.84,6,Elastic,Protect Price / Targeted Discount,Review
21128,-1.722295621756366,9.626666666666669,25,168.37,8,Elastic,Protect Price / Targeted Discount,Review
16047,0.851306739477771,1.174,178,168.31,5,Positive / Unusual,Review Further,Review
22100,-1.0939534022278576,1.8155865384615384,113,167.70999999999998,8,Elastic,Protect Price / Targeted Discount,Review
21200,0.9533689052995232,2.05375,92,167.19,6,Positive / Unusual,Review Further,Review
90129B,0.5992135272315338,2.215090909090909,67,165.4,11,Positive / Unusual,Review Further,Review
20761,-0.7406816621131342,4.1886,41,165.36,5,Inelastic,Test Moderate Price Increase,Medium
85089,-0.5314383200739785,3.6406666666666654,53,165.23000000000002,5,Inelastic,Test Moderate Price Increase,Medium
84931B,2.581498103727692,2.954571428571428,60,165.17,7,Positive / Unusual,Review Further,Review
17109D,-0.2855415079584957,1.6135555555555554,261,164.81,6,Inelastic,Test Moderate Price Increase,Medium
20950,-0.9078851937818696,0.9812037037037036,376,164.19,4,Inelastic,Test Moderate Price Increase,Medium
21441,-3.075929719435945,1.2097402597402598,189,163.14,7,Elastic,Protect Price / Targeted Discount,Review
16236,-2.176056526773185,0.29628125,723,162.61,8,Elastic,Protect Price / Targeted Discount,Review
84859A,-0.1548817319931256,6.325833333333334,78,162.17000000000002,4,Inelastic,Test Moderate Price Increase,Medium
84799,-1.5149667698404672,0.89725,256,160.64,4,Elastic,Protect Price / Targeted Discount,Review
78124,-1.8770700387887889,2.4933333333333336,97,160.21,6,Elastic,Protect Price / Targeted Discount,Review
22248,-1.491132104519508,1.1813636363636364,176,160.13,7,Elastic,Protect Price / Targeted Discount,Review
85214,0.1815182271545977,2.1085909090909087,87,158.94,4,Positive / Unusual,Review Further,Review
22216,0.5599057483546337,1.201,135,158.49,5,Positive / Unusual,Review Further,Review
84482,-2.294936180915233,4.233750000000001,40,157.74,4,Elastic,Protect Price / Targeted Discount,Review
84596L,-2.889007231505728,1.5847142857142855,119,157.57,7,Elastic,Protect Price / Targeted Discount,Review
22105,-1.4474909207053184,5.836666666666667,47,157.13,6,Elastic,Protect Price / Targeted Discount,Review
20666,2.9936325188473,2.648888888888889,431,156.81000000000003,6,Positive / Unusual,Review Further,Review
82587,0.3994026014095675,1.4402777777777778,120,156.78,5,Positive / Unusual,Review Further,Review
47594B,-1.8966751371557684,2.722816326530612,71,156.62,7,Elastic,Protect Price / Targeted Discount,Review
21199,0.5007661415104486,2.5313673469387754,76,156.18,7,Positive / Unusual,Review Further,Review
22345,-1.3238455156560904,1.1888775510204082,171,155.07,7,Elastic,Protect Price / Targeted Discount,Review
22407,-0.2109627334698079,1.4957,118,155.06,5,Inelastic,Test Moderate Price Increase,Medium
20670,0.1005699185327854,2.831666666666667,335,155.01000000000002,6,Positive / Unusual,Review Further,Review
22102,0.4227581806890683,2.128055555555556,102,154.89,9,Positive / Unusual,Review Further,Review
84563B,-2.475112612612612,8.712666666666667,21,154.55,5,Elastic,Protect Price / Targeted Discount,Review
37444C,-1.4668637504045003,5.564666666666667,27,153.65,5,Elastic,Protect Price / Targeted Discount,Review
21739,-0.6455776088588581,3.772222222222222,49,153.43,6,Inelastic,Test Moderate Price Increase,Medium
20622,0.6893624700486056,2.858037037037037,61,153.42,9,Positive / Unusual,Review Further,Review
16202A,-0.3959138357578079,3.754,334,153.3,5,Inelastic,Test Moderate Price Increase,Medium
79190A,-1.2663727641333642,0.5561952380952381,332,153.11,10,Elastic,Protect Price / Targeted Discount,Review
21132,-3.5514547130068457,6.242777777777778,31,152.85,6,Elastic,Protect Price / Targeted Discount,Review
22409,1.394761300269841,1.8681875,100,151.45999999999998,4,Positive / Unusual,Review Further,Review
37492C,-2.923461558565273,3.9625,63,148.95,4,Elastic,Protect Price / Targeted Discount,Review
84922,-3.4730444986096503,6.008333333333334,31,148.63,4,Elastic,Protect Price / Targeted Discount,Review
84563A,0.4597439520831516,7.676666666666667,21,148.63,6,Positive / Unusual,Review Further,Review
85087,-0.3668154344737104,5.515555555555555,37,147.97000000000003,9,Inelastic,Test Moderate Price Increase,Medium
21371,-0.0368193028750773,4.326805555555555,56,147.18,6,Inelastic,Test Moderate Price Increase,Medium
72812,-2.1952255748464284,3.104761904761905,60,147.1,7,Elastic,Protect Price / Targeted Discount,Review
20655,1.0212447087650929,1.7110750915750914,94,146.95999999999998,7,Positive / Unusual,Review Further,Review
84924A,-0.9703194334962268,4.8384375,34,146.85000000000002,8,Inelastic,Test Moderate Price Increase,Medium
79190B,-0.4493915058523099,0.5419259259259259,312,145.68,9,Inelastic,Test Moderate Price Increase,Medium
21417,-0.901071138028998,3.26975,61,145.59,6,Inelastic,Test Moderate Price Increase,Medium
16168M,1.2029031440603506,0.5778055555555555,415,145.47,9,Positive / Unusual,Review Further,Review
21442,-2.9422657093783693,1.28478125,167,145.25,8,Elastic,Protect Price / Targeted Discount,Review
21884,-3.665848571651621,1.370827380952381,158,145.12,8,Elastic,Protect Price / Targeted Discount,Review
21084,0.1880148548852143,0.91828125,187,144.78,8,Positive / Unusual,Review Further,Review
84951A,0.090564509154078,3.3277819548872176,64,144.31,7,Positive / Unusual,Review Further,Review
21882,1.3585539012981696,1.006205357142857,193,143.63000000000002,8,Positive / Unusual,Review Further,Review
85039C,-2.058932940895128,2.228291666666667,66,143.21,6,Elastic,Protect Price / Targeted Discount,Review
21879,-1.4537891506948648,1.1570039682539683,192,142.98000000000002,7,Elastic,Protect Price / Targeted Discount,Review
20617,-0.2778806616367652,2.7304880952380954,61,142.87,6,Inelastic,Test Moderate Price Increase,Medium
21520,-2.21910078149335,0.5405416666666667,327,142.62,8,Elastic,Protect Price / Targeted Discount,Review
22116,0.3881136336999747,3.360666666666667,45,142.19000000000003,6,Positive / Unusual,Review Further,Review
17091B,0.2608774508764229,1.418625,119,141.91,4,Positive / Unusual,Review Further,Review
77081,0.575783368183801,1.8447692307692307,102,141.84,5,Positive / Unusual,Review Further,Review
82011B,-1.777553220731249,5.020625,35,141.67000000000002,8,Elastic,Protect Price / Targeted Discount,Review
85031C,-2.380999332020362,3.5002000000000004,67,141.32999999999998,5,Elastic,Protect Price / Targeted Discount,Review
85208,2.2622959452343365,2.5923333333333334,64,140.73000000000002,4,Positive / Unusual,Review Further,Review
85203,-0.989605909640775,0.5915,309,140.70000000000002,8,Inelastic,Test Moderate Price Increase,Medium
21332,-0.686947431135648,19.12,8,140.22,4,Inelastic,Test Moderate Price Increase,Medium
85031B,-1.3443892117843814,4.094928571428572,53,140.16,5,Elastic,Protect Price / Targeted Discount,Review
46118,-0.3612454023169118,4.236666666666667,93,140.01,9,Inelastic,Test Moderate Price Increase,Medium
20663,1.5110488583051234,2.411666666666666,521,139.51,4,Positive / Unusual,Review Further,Review
84993B,1.7524644147276591,0.4841666666666667,306,139.44,4,Positive / Unusual,Review Further,Review
85231G,-2.491171090478683,0.9313894230769232,160,139.23999999999998,4,Elastic,Protect Price / Targeted Discount,Review
84924D,-1.39227636518246,4.211,381,138.36,5,Elastic,Protect Price / Targeted Discount,Review
22346,0.0768859893015193,1.082908163265306,164,137.32999999999998,7,Positive / Unusual,Review Further,Review
35095A,-1.7872695992897374,0.5842708333333333,301,136.08,8,Elastic,Protect Price / Targeted Discount,Review
21311,0.5364590522199219,2.480625,60,136.07999999999998,8,Positive / Unusual,Review Further,Review
22263,-0.5663379275598016,1.1765714285714286,144,135.36,7,Inelastic,Test Moderate Price Increase,Medium
21374,3.81650650130241,4.025416666666667,65,135.36,4,Positive / Unusual,Review Further,Review
21881,-0.0469802953827233,0.9938809523809524,185,133.38,10,Inelastic,Test Moderate Price Increase,Medium
21208,-1.3254523671816902,2.688214285714285,61,133.14,7,Elastic,Protect Price / Targeted Discount,Review
85093,-1.8900661428358296,1.784285714285714,102,133.01999999999998,7,Elastic,Protect Price / Targeted Discount,Review
85230E,-2.7641369047619007,0.2683333333333333,528,132.0,4,Elastic,Protect Price / Targeted Discount,Review
16202C,-0.5438173427714759,5.33,55,130.69,4,Inelastic,Test Moderate Price Increase,Medium
21365,-0.8990856303565836,4.570952380952381,34,129.9,7,Inelastic,Test Moderate Price Increase,Medium
84508B,-4.010841317224183,3.416547619047619,46,129.85,7,Elastic,Protect Price / Targeted Discount,Review
35648,-0.5861808402008646,4.553333333333333,40,129.84,4,Inelastic,Test Moderate Price Increase,Medium
37492B,-1.2653261689291102,4.0875,51,129.15,4,Elastic,Protect Price / Targeted Discount,Review
72225C,1.7668206075533652,0.25,504,126.95999999999998,6,Positive / Unusual,Review Further,Review
72801D,-2.2005577492740307,1.5640833333333333,91,126.83,6,Elastic,Protect Price / Targeted Discount,Review
21062,2.1768295445431995,0.9200190476190476,145,126.55,5,Positive / Unusual,Review Further,Review
47504E,1.4968743611859212,1.6816666666666666,87,126.51,4,Positive / Unusual,Review Further,Review
84247N,-0.1757805643321039,1.9954761904761904,52,125.97,4,Inelastic,Test Moderate Price Increase,Medium
21017,-1.876784440725732,1.7179743589743588,119,125.61,5,Elastic,Protect Price / Targeted Discount,Review
35647,-0.0079893109808232,1.8299,88,125.15,5,Inelastic,Test Moderate Price Increase,Medium
21722,-1.2686905451512946,1.2650714285714286,128,125.0,9,Elastic,Protect Price / Targeted Discount,Review
35471A,0.9059954228605024,1.7591666666666663,67,124.07,6,Positive / Unusual,Review Further,Review
71403,-1.1989484701538278,4.852857142857142,30,124.02,7,Elastic,Protect Price / Targeted Discount,Review
79190D,1.919650872625776,0.5075395622895623,274,123.99,9,Positive / Unusual,Review Further,Review
22104,-1.4378738824864388,1.8813257575757576,80,123.6,4,Elastic,Protect Price / Targeted Discount,Review
84916,1.859135536398468,4.6401666666666666,26,123.38,6,Positive / Unusual,Review Further,Review
35095B,-1.1315841330386285,0.6084375,269,123.35,8,Elastic,Protect Price / Targeted Discount,Review
82011A,-0.3208326802622639,4.98,29,122.47,5,Inelastic,Test Moderate Price Increase,Medium
21015,-2.383837458394129,1.440909090909091,115,120.48,4,Elastic,Protect Price / Targeted Discount,Review
21194,0.5196392172320873,2.854138888888889,50,119.42,6,Positive / Unusual,Review Further,Review
21847,2.762645807850964,4.150190476190477,32,119.2,5,Positive / Unusual,Review Further,Review
21377,1.211091192608088,2.588869047619048,48,119.02,6,Positive / Unusual,Review Further,Review
35645,-1.2377662510771223,5.867666666666667,25,118.91,4,Elastic,Protect Price / Targeted Discount,Review
21144,-1.1420434042252974,1.2277959183673468,253,118.3,7,Elastic,Protect Price / Targeted Discount,Review
20662,1.643803105928295,2.551333333333333,324,117.84000000000002,5,Positive / Unusual,Review Further,Review
21636,-1.0299999686218158,3.3518055555555555,42,117.14,6,Elastic,Protect Price / Targeted Discount,Review
84882,-0.9415733563020392,5.470000000000001,24,117.09,9,Inelastic,Test Moderate Price Increase,Medium
21419,0.6035817334151059,5.04,29,116.49,4,Positive / Unusual,Review Further,Review
84597B,-2.39615657965658,1.714,93,115.47,5,Elastic,Protect Price / Targeted Discount,Review
21065,-1.0030120008394592,8.170238095238096,19,115.33,6,Elastic,Protect Price / Targeted Discount,Review
20731,0.8643943861451348,1.6900454545454544,77,115.15,5,Positive / Unusual,Review Further,Review
17012C,0.2018361177651917,3.4607333333333328,41,114.15,5,Positive / Unusual,Review Further,Review
22124,-0.0958899897357884,3.0166666666666666,40,112.4,5,Inelastic,Test Moderate Price Increase,Medium
84661B,-1.1902989223857257,3.972333333333333,39,112.0,5,Elastic,Protect Price / Targeted Discount,Review
20801,0.3020935488813974,3.832888888888888,33,111.76,6,Positive / Unusual,Review Further,Review
22543,-0.9500129068987572,0.590779304029304,246,111.06,4,Inelastic,Test Moderate Price Increase,Medium
84899F,-2.15345795382625,1.8286666666666664,68,110.2,9,Elastic,Protect Price / Targeted Discount,Review
46776A,-2.8246829462377754,4.600555555555555,24,109.92,6,Elastic,Protect Price / Targeted Discount,Review
21403,0.1148042852791687,0.5825510204081633,242,109.8,7,Positive / Unusual,Review Further,Review
85211,2.2526210510021856,2.097857142857143,58,109.38,5,Positive / Unusual,Review Further,Review
85086A,-1.6032686216797187,1.188785714285714,112,108.97,5,Elastic,Protect Price / Targeted Discount,Review
47367B,-7.706727028731647,3.58425,30,108.6,4,Elastic,Protect Price / Targeted Discount,Review
21312,-1.1820730567602993,9.932666666666666,11,108.35,5,Elastic,Protect Price / Targeted Discount,Review
84976,-1.7614124114669238,2.525,59,108.06,7,Elastic,Protect Price / Targeted Discount,Review
35609A,-0.7886296001603201,0.5961333333333332,431,107.77,5,Inelastic,Test Moderate Price Increase,Medium
84596J,-1.6638984420928875,1.523,82,107.54,5,Elastic,Protect Price / Targeted Discount,Review
16256B,-1.2727388775901818,0.5849375,239,107.01,4,Elastic,Protect Price / Targeted Discount,Review
85071D,-2.057519146330767,2.924333333333333,162,105.64,6,Elastic,Protect Price / Targeted Discount,Review
22517,-1.891005839539608,2.949861111111112,46,105.04,4,Elastic,Protect Price / Targeted Discount,Review
22260,-1.9769075497306383,1.3637312925170069,88,104.76,7,Elastic,Protect Price / Targeted Discount,Review
21402,0.5591330009303934,0.5330823863636364,229,104.71,8,Positive / Unusual,Review Further,Review
21378,-1.332456961825591,2.37125,55,104.64,4,Elastic,Protect Price / Targeted Discount,Review
79030D,0.7398387384972753,5.7090000000000005,43,104.16,5,Positive / Unusual,Review Further,Review
85092,-1.2845561717970584,4.0625,27,104.13,4,Elastic,Protect Price / Targeted Discount,Review
85230F,-1.3848214285714264,0.2683333333333333,408,102.96,4,Elastic,Protect Price / Targeted Discount,Review
90129A,1.1336715374851345,2.041625,48,101.61,8,Positive / Unusual,Review Further,Review
20618,2.296218583943701,2.3712857142857144,46,100.82,5,Positive / Unusual,Review Further,Review
20980,-1.4222629495585974,1.8065,75,100.05,4,Elastic,Protect Price / Targeted Discount,Review
85230A,0.2597222222222234,0.2544444444444444,384,99.84,6,Positive / Unusual,Review Further,Review
71270,1.5424214862990375,1.61,66,98.88,7,Positive / Unusual,Review Further,Review
35923,0.0610665681460238,1.7599999999999998,70,98.84,6,Positive / Unusual,Review Further,Review
72128,-0.855997053022695,0.9963333333333332,189,98.64,6,Inelastic,Test Moderate Price Increase,Medium
21027,0.4522188315304857,1.4233714285714285,78,98.18,5,Positive / Unusual,Review Further,Review
20849,-0.8325399694788819,3.91125,25,97.62,4,Inelastic,Test Moderate Price Increase,Medium
85202,-1.3015747255983685,0.6164871794871795,193,96.6,8,Elastic,Protect Price / Targeted Discount,Review
21413,-1.9948323188924693,1.59125,71,96.31,4,Elastic,Protect Price / Targeted Discount,Review
85230G,-1.8576388888888893,0.2522222222222222,384,96.0,6,Elastic,Protect Price / Targeted Discount,Review
10123C,-1.784063726257659,0.7969375000000001,266,95.5,8,Elastic,Protect Price / Targeted Discount,Review
85159A,-3.202838827838828,10.596666666666668,9,95.37,4,Elastic,Protect Price / Targeted Discount,Review
85111,-3.138061379716917,1.67,62,95.14,6,Elastic,Protect Price / Targeted Discount,Review
47563A,0.1178441619832137,5.093333333333334,19,95.14,7,Positive / Unusual,Review Further,Review
20616,-0.085514083233278,2.9571875,37,94.58,8,Inelastic,Test Moderate Price Increase,Medium
22137,0.1358049801814056,4.06,28,94.44,6,Positive / Unusual,Review Further,Review
22344,0.0846473534149337,1.1815,93,94.44,6,Positive / Unusual,Review Further,Review
20906,-1.2845362103174658,3.566666666666667,28,94.44,4,Elastic,Protect Price / Targeted Discount,Review
85186A,-3.2772727776937267,0.737125,200,94.26,4,Elastic,Protect Price / Targeted Discount,Review
20819,-0.4368630490956072,4.911,23,93.99,5,Inelastic,Test Moderate Price Increase,Medium
17013D,0.4003128439974374,2.3625,49,92.82,6,Positive / Unusual,Review Further,Review
21414,-1.3156905681835107,3.2394,39,92.45,5,Elastic,Protect Price / Targeted Discount,Review
85160B,-0.907311228118142,3.73,50,92.26,4,Inelastic,Test Moderate Price Increase,Medium
90129D,2.189288231148696,2.2094444444444448,36,92.01,9,Positive / Unusual,Review Further,Review
35817P,-1.9416908690941592,2.05,126,91.96,4,Elastic,Protect Price / Targeted Discount,Review
85130B,-2.9228347410165605,2.9562500000000003,41,91.59,6,Elastic,Protect Price / Targeted Discount,Review
20818,1.0743770784325033,4.911,22,90.24,5,Positive / Unusual,Review Further,Review
84876D,0.2419578440201559,3.625,40,90.0,4,Positive / Unusual,Review Further,Review
20869,-2.190550382775274,1.419722222222222,85,89.47999999999999,6,Elastic,Protect Price / Targeted Discount,Review
72122,1.708386297895228,1.126,88,89.36,7,Positive / Unusual,Review Further,Review
20755,-3.161896748362444,0.9985,102,89.13,4,Elastic,Protect Price / Targeted Discount,Review
84584,1.020388475974292,3.49125,27,88.92999999999999,4,Positive / Unusual,Review Further,Review
46126A,0.5013401825376613,1.8905,58,88.88,4,Positive / Unusual,Review Further,Review
35915C,0.598967073480803,2.326875,48,87.75,8,Positive / Unusual,Review Further,Review
84422,-0.5350366550416056,1.20775,85,87.64,6,Inelastic,Test Moderate Price Increase,Medium
21221,3.526414275025388,1.457,65,87.55,6,Positive / Unusual,Review Further,Review
84683,-1.258524961142395,1.4674999999999998,89,87.49000000000001,4,Elastic,Protect Price / Targeted Discount,Review
84931A,1.5605049820153347,2.7752777777777773,33,86.47,6,Positive / Unusual,Review Further,Review
22032,-0.3147435465332332,0.58,200,86.45,5,Inelastic,Test Moderate Price Increase,Medium
85032C,0.6405180011640477,2.733,36,86.14999999999999,5,Positive / Unusual,Review Further,Review
35809B,0.6270788127960092,2.979166666666667,37,86.14000000000001,4,Positive / Unusual,Review Further,Review
37471,-0.884231356576471,3.6225,690,85.34,4,Inelastic,Test Moderate Price Increase,Medium
20793,-1.8477672375683207,10.59,8,84.72,4,Elastic,Protect Price / Targeted Discount,Review
85091,0.3703113013983494,6.9075,15,84.69,4,Positive / Unusual,Review Further,Review
21455,0.7955809894043856,1.08625,87,84.47999999999999,6,Positive / Unusual,Review Further,Review
37492D,2.057510399396028,5.192500000000001,32,84.47,4,Positive / Unusual,Review Further,Review
17084N,-1.9905385241122229,0.3463095238095238,368,84.39,6,Elastic,Protect Price / Targeted Discount,Review
85170B,1.4935584794352574,2.8736666666666664,32,81.97,5,Positive / Unusual,Review Further,Review
22395,-0.7727775320407118,3.4879166666666666,35,81.39999999999999,4,Inelastic,Test Moderate Price Increase,Medium
37467,-1.0060290603791435,3.72,40,81.03999999999999,6,Elastic,Protect Price / Targeted Discount,Review
47504H,0.1259338624338624,4.1235,21,80.64,10,Positive / Unusual,Review Further,Review
21412,-1.562280363753621,2.0497,92,80.33,5,Elastic,Protect Price / Targeted Discount,Review
21117,0.527365756389729,3.3125,51,80.25,4,Positive / Unusual,Review Further,Review
84637,-0.5784332679201707,9.335,10,79.81,5,Inelastic,Test Moderate Price Increase,Medium
71143,-0.5209510606753828,1.86925,60,79.34,8,Inelastic,Test Moderate Price Increase,Medium
90129C,2.363145507613223,2.0777142857142854,36,79.11,7,Positive / Unusual,Review Further,Review
20976,-4.714636686708413,0.862,118,79.06,4,Elastic,Protect Price / Targeted Discount,Review
20653,0.0691118100239958,1.6620833333333334,58,79.03999999999999,6,Positive / Unusual,Review Further,Review
22092,-0.3685187057546596,1.4525,61,78.77,4,Inelastic,Test Moderate Price Increase,Medium
21028,-1.485547629616825,1.9072916666666664,56,78.3,8,Elastic,Protect Price / Targeted Discount,Review
90129E,-0.4703931709117736,1.9690625,37,78.19,8,Inelastic,Test Moderate Price Increase,Medium
20775,-2.982879171981608,2.01125,45,78.19,4,Elastic,Protect Price / Targeted Discount,Review
21698,0.215258286734519,1.3977142857142857,71,78.16999999999999,7,Positive / Unusual,Review Further,Review
21202,0.6445065810678081,1.934333333333333,45,77.66,5,Positive / Unusual,Review Further,Review
84638,-0.3743725673254481,9.755,9,77.50999999999999,4,Inelastic,Test Moderate Price Increase,Medium
16216,-0.4436464943098874,0.2799999999999999,462,77.28,7,Inelastic,Test Moderate Price Increase,Medium
46776D,2.251763611437527,4.348133333333333,17,76.75,5,Positive / Unusual,Review Further,Review
84247H,1.5223834913112155,2.1235833333333334,31,76.68,4,Positive / Unusual,Review Further,Review
16218,-1.615425759225737,1.2012857142857143,393,76.67,5,Elastic,Protect Price / Targeted Discount,Review
84927E,0.9096809081421292,2.4591666666666665,218,76.28999999999999,4,Positive / Unusual,Review Further,Review
85159B,0.8986002093144947,8.207916666666666,9,76.26,4,Positive / Unusual,Review Further,Review
79403,-0.3247292233800162,1.166285714285714,81,76.14,7,Inelastic,Test Moderate Price Increase,Medium
16048,-0.4609215842409286,0.5241666666666667,305,74.91,6,Inelastic,Test Moderate Price Increase,Medium
90143,1.2560993716518778,7.671875,10,74.9,4,Positive / Unusual,Review Further,Review
21087,1.1287431804404937,0.8688333333333332,93,74.59,5,Positive / Unusual,Review Further,Review
84927D,-1.1693772077217388,2.722916666666667,449,74.48,4,Elastic,Protect Price / Targeted Discount,Review
84917,2.3260944812732323,6.23375,15,74.29,4,Positive / Unusual,Review Further,Review
72038P,-2.615384615384615,0.16125,600,74.0,4,Elastic,Protect Price / Targeted Discount,Review
20795,-0.419867393505441,3.617083333333333,24,73.78999999999999,4,Inelastic,Test Moderate Price Increase,Medium
17011F,-0.4625085702843463,2.865,78,71.53,5,Inelastic,Test Moderate Price Increase,Medium
22261,0.3293947455253783,1.2897142857142858,58,71.16999999999999,7,Positive / Unusual,Review Further,Review
90129F,1.3672996759092018,2.1975,31,69.52000000000001,7,Positive / Unusual,Review Further,Review
85094,-0.7537479140255923,1.827333333333333,48,69.3,6,Inelastic,Test Moderate Price Increase,Medium
21946,0.0992208871906289,1.0914285714285714,78,67.97999999999999,7,Positive / Unusual,Review Further,Review
84313A,-0.0828178188007331,7.4325,10,67.96000000000001,4,Inelastic,Test Moderate Price Increase,Medium
85204,-2.089166878872759,0.5644285714285714,146,67.86,7,Elastic,Protect Price / Targeted Discount,Review
20659,1.37979738949209,1.537,50,67.53999999999999,6,Positive / Unusual,Review Further,Review
85032B,0.2919522673698775,2.702857142857144,27,67.25,7,Positive / Unusual,Review Further,Review
21306,-1.38735959500079,2.492,29,67.2,6,Elastic,Protect Price / Targeted Discount,Review
85230B,2.434375000000004,0.2533333333333333,264,66.96,4,Positive / Unusual,Review Further,Review
84510C,0.6073431085674457,1.69625,48,66.3,8,Positive / Unusual,Review Further,Review
84951B,-0.8419238947356176,3.4285,23,66.17999999999999,5,Inelastic,Test Moderate Price Increase,Medium
16219,-0.1966327357599601,0.6911458333333333,207,65.82000000000001,8,Inelastic,Test Moderate Price Increase,Medium
21025,-1.2423405397512544,1.7487499999999998,47,65.05,4,Elastic,Protect Price / Targeted Discount,Review
20796,-2.362567623803579,2.5108333333333333,31,64.9,6,Elastic,Protect Price / Targeted Discount,Review
85169C,-0.2252718842004556,1.80125,40,63.86,8,Inelastic,Test Moderate Price Increase,Medium
79144C,-1.5833174743666307,0.6938095238095238,117,63.48,7,Elastic,Protect Price / Targeted Discount,Review
21095,-0.5424755967866284,1.08625,65,63.35,4,Inelastic,Test Moderate Price Increase,Medium
79191B,0.1048841386480875,1.0891428571428572,65,62.54,7,Positive / Unusual,Review Further,Review
81950B,-0.4232318439745973,1.24825,64,62.5,8,Inelastic,Test Moderate Price Increase,Medium
47503H,-0.1523285005962468,3.08,23,60.67,5,Inelastic,Test Moderate Price Increase,Medium
35594,-1.379044368870056,0.8723076923076922,110,57.4,5,Elastic,Protect Price / Targeted Discount,Review
21370,-1.920059694684176,8.898,7,57.19,5,Elastic,Protect Price / Targeted Discount,Review
47471,1.2113535890546696,0.87,69,56.61,7,Positive / Unusual,Review Further,Review
84660B,-0.7892682305191683,5.04,13,56.49,4,Inelastic,Test Moderate Price Increase,Medium
84429A,-0.4598351728448815,4.726000000000001,14,56.1,5,Inelastic,Test Moderate Price Increase,Medium
85129B,-2.920133703503896,1.7413333333333334,42,55.26,5,Elastic,Protect Price / Targeted Discount,Review
85019A,-0.947534468015437,4.953333333333333,11,55.19,5,Inelastic,Test Moderate Price Increase,Medium
17038,-0.3843822074283762,0.505,532,53.790000000000006,6,Inelastic,Test Moderate Price Increase,Medium
84576,-0.449654713876498,7.923333333333333,7,53.49,4,Inelastic,Test Moderate Price Increase,Medium
46776E,-3.097167560733933,4.506,12,53.48,5,Elastic,Protect Price / Targeted Discount,Review
21372,-2.615881444795603,5.046666666666667,13,53.15,4,Elastic,Protect Price / Targeted Discount,Review
72134,-0.5277611828739043,1.2,149,52.31,6,Inelastic,Test Moderate Price Increase,Medium
84086C,-1.6846734063995967,3.685,15,51.81,4,Elastic,Protect Price / Targeted Discount,Review
90087,-1.4663033958356466,1.4035,49,51.37,6,Elastic,Protect Price / Targeted Discount,Review
72051S,-0.924129718660969,0.6685,85,51.24,8,Inelastic,Test Moderate Price Increase,Medium
84661A,1.823233564772792,4.390666666666666,14,50.76,4,Positive / Unusual,Review Further,Review
35911A,-2.978891244699426,3.155,19,50.45,4,Elastic,Protect Price / Targeted Discount,Review
21373,2.859752948623975,3.1775,34,49.26,4,Positive / Unusual,Review Further,Review
84915,1.706657088122605,4.838333333333334,10,49.06,6,Positive / Unusual,Review Further,Review
46776C,-3.066880309324515,4.364166666666667,11,48.53,4,Elastic,Protect Price / Targeted Discount,Review
35914,0.0328057277109408,3.2605,18,48.35,4,Positive / Unusual,Review Further,Review
84927A,-1.3338946848871305,2.9791666666666665,20,48.33,6,Elastic,Protect Price / Targeted Discount,Review
79337,-2.8873673154846147,1.97375,63,48.12,4,Elastic,Protect Price / Targeted Discount,Review
84251F,-2.141520344606289,0.47875,180,45.42,6,Elastic,Protect Price / Targeted Discount,Review
72586,-1.6359324235196326,0.5991666666666666,100,44.580000000000005,4,Elastic,Protect Price / Targeted Discount,Review
17084P,-0.3261498501498485,0.3464,180,44.4,5,Inelastic,Test Moderate Price Increase,Medium
22541,0.0407660570126283,0.7200444444444444,95,44.2,5,Positive / Unusual,Review Further,Review
21367,0.6941762047548405,3.4285,12,43.15,5,Positive / Unusual,Review Further,Review
37462B,-1.249190865093769,0.63,93,42.42,4,Elastic,Protect Price / Targeted Discount,Review
90019B,-7.866071428571435,5.23,8,41.28,5,Elastic,Protect Price / Targeted Discount,Review
21401,1.259643622731016,0.5305555555555556,90,40.18,6,Positive / Unusual,Review Further,Review
85032A,1.6671532234832709,2.803333333333333,17,39.92,4,Positive / Unusual,Review Further,Review
46138B,0.396281813488346,3.355833333333333,13,39.81,4,Positive / Unusual,Review Further,Review
90214K,1.9414982698173693,1.4197414965986397,31,39.67,7,Positive / Unusual,Review Further,Review
21089,1.3089627534181996,1.0943999999999998,52,38.85,5,Positive / Unusual,Review Further,Review
79144B,-0.0511389208942226,0.6006,80,38.22,5,Inelastic,Test Moderate Price Increase,Medium
84509E,-1.5403923341510424,6.16875,6,37.98,4,Elastic,Protect Price / Targeted Discount,Review
84926F,1.3589407136073803,1.754,25,37.55,5,Positive / Unusual,Review Further,Review
84199,0.4455200049509629,0.251,146,36.76,5,Positive / Unusual,Review Further,Review
16052,-0.4788893173548487,0.6649999999999999,82,36.12,4,Inelastic,Test Moderate Price Increase,Medium
84927F,-0.1935624012638229,3.272222222222222,12,35.75,6,Inelastic,Test Moderate Price Increase,Medium
84531A,1.0429435632863453,2.3266666666666667,16,35.72,4,Positive / Unusual,Review Further,Review
21368,-0.8522210000048643,3.595833333333333,10,35.54,6,Inelastic,Test Moderate Price Increase,Medium
90214M,4.428861008272773,1.253,35,34.07,5,Positive / Unusual,Review Further,Review
20847,0.4337843274921293,5.6850000000000005,7,33.99,4,Positive / Unusual,Review Further,Review
90028,0.0,8.495000000000001,4,33.980000000000004,4,Positive / Unusual,Review Further,Review
84251G,-0.6168196412004463,0.56125,123,33.27,8,Inelastic,Test Moderate Price Increase,Medium
72130,0.5840945811795873,0.84125,116,33.26,6,Positive / Unusual,Review Further,Review
37491D,-0.2127192982456141,2.391,16,33.24,5,Inelastic,Test Moderate Price Increase,Medium
44234,-0.3952635928296537,0.4919444444444443,130,33.1,6,Inelastic,Test Moderate Price Increase,Medium
84926A,-2.3725408850408853,1.845,22,32.54,6,Elastic,Protect Price / Targeted Discount,Review
79191D,0.7580982905982904,1.0821999999999998,32,32.06,5,Positive / Unusual,Review Further,Review
16258A,-0.8720039954159745,0.5249999999999999,70,31.5,4,Inelastic,Test Moderate Price Increase,Medium
84899E,-0.9202612433862438,1.628,21,31.29,5,Inelastic,Test Moderate Price Increase,Medium
90214A,3.88206755050505,1.206,29,31.11,5,Positive / Unusual,Review Further,Review
90214D,0.0456349206349204,1.5479999999999998,24,30.92,5,Positive / Unusual,Review Further,Review
84251J,-1.7699568109877155,0.7389285714285714,60,30.28,4,Elastic,Protect Price / Targeted Discount,Review
90214R,-0.4502614379084974,1.477142857142857,24,29.38,7,Inelastic,Test Moderate Price Increase,Medium
90214E,2.272858796296296,1.41,27,29.07,6,Positive / Unusual,Review Further,Review
72369A,-0.3983285233285234,2.195,12,27.599999999999994,4,Inelastic,Test Moderate Price Increase,Medium
90019A,-2.509796626984131,5.37,5,26.99,4,Elastic,Protect Price / Targeted Discount,Review
37489A,2.3899336283185844,2.703333333333333,10,26.28,4,Positive / Unusual,Review Further,Review
90040A,-2.811936936936936,3.87,7,25.98,4,Elastic,Protect Price / Targeted Discount,Review
90214I,2.821903790653791,1.12875,19,23.81,4,Positive / Unusual,Review Further,Review
90089,3.059984742944288,1.2009999999999998,20,21.05,5,Positive / Unusual,Review Further,Review
37462E,-0.9520000000000014,0.6859999999999999,38,19.32,5,Inelastic,Test Moderate Price Increase,Medium
84926D,-0.7646198830409358,2.006,10,18.8,5,Inelastic,Test Moderate Price Increase,Medium
79406,-1.205180840664712,0.4886666666666667,57,18.74,5,Elastic,Protect Price / Targeted Discount,Review
21454,-1.8749414759030143,1.1875,18,18.54,4,Elastic,Protect Price / Targeted Discount,Review
90214N,1.4639880952380957,1.26,13,17.169999999999998,4,Positive / Unusual,Review Further,Review
72798C,-0.7101152134066512,2.505,7,16.68,5,Inelastic,Test Moderate Price Increase,Medium
37491C,3.1327200114106404,2.0775,8,16.62,4,Positive / Unusual,Review Further,Review
75178,-2.0836640211640214,2.0375,9,16.29,4,Elastic,Protect Price / Targeted Discount,Review
37491A,-0.5270467836257309,2.29125,7,14.97,4,Inelastic,Test Moderate Price Increase,Medium
18007,-1.5904876844277842,0.27375,73,13.89,4,Elastic,Protect Price / Targeted Discount,Review
90128D,-0.7046957671957672,1.88,5,8.77,4,Inelastic,Test Moderate Price Increase,Medium
81952V,-0.0342434001854288,1.39,6,8.34,4,Inelastic,Test Moderate Price Increase,Medium
